model,origin_time,forecast_time,horizon_step,y_true,y_pred,abs_error,squared_error,sMAPE_point,is_new_year_fitness,is_back_to_school,is_exam_season,is_q4_holiday_electronics
event_random_forest,1992-12-21,1992-12-28,1,8.35,8.190705432301474,0.15929456769852557,0.025374759298260146,0.019260915847935677,False,False,False,True
event_random_forest,1992-12-21,1993-01-04,2,7.975,8.346938284145551,0.37193828414555163,0.13833808721313712,0.045575259221122884,True,False,False,False
event_random_forest,1992-12-21,1993-01-11,3,7.975,8.348039046672785,0.3730390466727851,0.13915813034254032,0.045707058055322575,True,False,False,False
event_random_forest,1992-12-21,1993-01-18,4,7.975,8.348039046672785,0.3730390466727851,0.13915813034254032,0.045707058055322575,True,False,False,False
event_random_forest,1993-03-15,1993-03-22,1,6.0600000000000005,6.495195757434858,0.4351957574348573,0.18939534728929913,0.06932520461533158,False,False,False,False
event_random_forest,1993-03-15,1993-03-29,2,6.0600000000000005,6.594055200103543,0.5340552001035421,0.2852149567576344,0.08440854598123963,False,False,False,False
event_random_forest,1993-03-15,1993-04-05,3,7.625,7.161946558555752,0.46305344144424776,0.21441848963336138,0.06263002839843555,False,False,False,False
event_random_forest,1993-03-15,1993-04-12,4,7.625,7.576606026610273,0.04839397338972695,0.0023419766604456005,0.006366955347351292,False,False,False,False
event_random_forest,1993-06-07,1993-06-14,1,7.5,7.233586905945361,0.26641309405463875,0.0709759366837658,0.0361640509884439,False,False,True,False
event_random_forest,1993-06-07,1993-06-21,2,7.5,7.222169892865848,0.277830107134152,0.07718956843017438,0.03774309210611467,False,False,True,False
event_random_forest,1993-06-07,1993-06-28,3,7.5,7.224668455275659,0.27533154472434074,0.07580745952029165,0.03739731669485475,False,False,True,False
event_random_forest,1993-06-07,1993-07-05,4,7.45,7.320865346880786,0.12913465311921435,0.016675758636219815,0.01748504912699433,False,False,False,False
event_random_forest,1993-08-30,1993-09-06,1,7.375,6.1612550201800556,1.2137449798199444,1.4731768760381174,0.1793324635226619,False,True,False,False
event_random_forest,1993-08-30,1993-09-13,2,7.375,6.258027005324539,1.1169729946754607,1.2476286708342668,0.1638628008642855,False,True,False,False
event_random_forest,1993-08-30,1993-09-20,3,7.375,6.679034673331838,0.695965326668162,0.4843677359243215,0.09904135614362579,False,True,False,False
event_random_forest,1993-08-30,1993-09-27,4,7.375,7.024504348565376,0.350495651434624,0.12284720167458146,0.04868162722136251,False,True,False,False
event_random_forest,1993-11-22,1993-11-29,1,5.779999999999999,6.0556974193583155,0.27569741935831615,0.07600906704083524,0.046587439605779206,False,False,False,True
event_random_forest,1993-11-22,1993-12-06,2,7.55,6.370558165881673,1.179441834118327,1.3910830400684033,0.16945323888075947,False,False,False,True
event_random_forest,1993-11-22,1993-12-13,3,7.55,6.725651814938084,0.8243481850619157,0.6795499302148743,0.1154900940073805,False,False,False,True
event_random_forest,1993-11-22,1993-12-20,4,7.55,7.006764401844637,0.5432355981553627,0.29510491510321474,0.07463686065929923,False,False,False,True
event_random_forest,1994-02-14,1994-02-21,1,7.175,6.8995734414906424,0.2754265585093574,0.07585978913230847,0.039138174901617036,False,False,False,False
event_random_forest,1994-02-14,1994-02-28,2,7.175,7.045816460915392,0.12918353908460745,0.0166883867704243,0.01816823097881286,False,False,False,False
event_random_forest,1994-02-14,1994-03-07,3,7.05,7.056783974744156,0.0067839747441560405,4.6022313329347013e-05,0.000961803165952157,False,False,False,False
event_random_forest,1994-02-14,1994-03-14,4,7.05,7.049408214023397,0.000591785976602921,3.5021064210387293e-07,8.39447964935614e-05,False,False,False,False
event_random_forest,1994-05-09,1994-05-16,1,6.0,6.097807491975761,0.097807491975761,0.009566305486588551,0.01616945748899291,False,False,True,False
event_random_forest,1994-05-09,1994-05-23,2,6.0,6.137587601829141,0.1375876018291411,0.01893034817709427,0.02267132585859262,False,False,True,False
event_random_forest,1994-05-09,1994-05-30,3,6.0,6.219387348957014,0.21938734895701373,0.048130808882386515,0.03590807668041386,False,False,True,False
event_random_forest,1994-05-09,1994-06-06,4,7.425,6.397693557952269,1.0273064420477311,1.0553585258727685,0.14864055804184653,False,False,True,False
event_random_forest,1994-08-01,1994-08-08,1,6.0200000000000005,6.1472396933699915,0.12723969336999108,0.016189939568889353,0.02091512891610491,False,False,False,False
event_random_forest,1994-08-01,1994-08-15,2,6.0200000000000005,6.225511459645654,0.20551145964565354,0.04223496004568708,0.033565190040923024,False,True,False,False
event_random_forest,1994-08-01,1994-08-22,3,6.0200000000000005,6.2227010760477715,0.202701076047771,0.041087726230924236,0.03311378343531485,False,True,False,False
event_random_forest,1994-08-01,1994-08-29,4,6.0200000000000005,6.221756631603327,0.20175663160332657,0.040705738395920434,0.032962039301201514,False,True,False,False
event_random_forest,1994-10-24,1994-10-31,1,5.5600000000000005,5.798480836864948,0.23848083686494714,0.05687310955180553,0.04199167833975413,False,False,False,True
event_random_forest,1994-10-24,1994-11-07,2,7.825,5.799874170198282,2.025125829801718,4.101134626530097,0.29726892219397966,False,False,False,True
event_random_forest,1994-10-24,1994-11-14,3,7.825,5.799874170198282,2.025125829801718,4.101134626530097,0.29726892219397966,False,False,False,True
event_random_forest,1994-10-24,1994-11-21,4,7.825,5.799874170198282,2.025125829801718,4.101134626530097,0.29726892219397966,False,False,False,True
event_random_forest,1995-01-16,1995-01-23,1,5.74,5.835214812135537,0.09521481213553695,0.009065860450005596,0.016451498081178254,True,False,False,False
event_random_forest,1995-01-16,1995-01-30,2,5.74,5.844318644090619,0.1043186440906192,0.010882379504905278,0.018010320208834054,True,False,False,False
event_random_forest,1995-01-16,1995-02-06,3,7.6,5.835283981993456,1.7647160180065438,3.114222624208872,0.26269872975840214,False,False,False,False
event_random_forest,1995-01-16,1995-02-13,4,7.6,5.835283981993456,1.7647160180065438,3.114222624208872,0.26269872975840214,False,False,False,False
event_random_forest,1995-04-10,1995-04-17,1,7.55,7.514109139532899,0.03589086046710044,0.001288153865068873,0.004765082373561896,False,False,False,False
event_random_forest,1995-04-10,1995-04-24,2,7.55,7.495124380792187,0.05487561920781303,0.0030113335834408986,0.007294804325828194,False,False,False,False
event_random_forest,1995-04-10,1995-05-01,3,5.9799999999999995,6.96206093284904,0.9820609328490404,0.9644436758283275,0.15176268106672428,False,False,True,False
event_random_forest,1995-04-10,1995-05-08,4,5.9799999999999995,6.941598369727247,0.9615983697272474,0.9246714246621001,0.14883582389932234,False,False,True,False
event_random_forest,1995-07-03,1995-07-10,1,6.220000000000001,6.803874873770594,0.5838748737705934,0.3409098682206264,0.08966223638196755,False,False,False,False
event_random_forest,1995-07-03,1995-07-17,2,6.220000000000001,7.1071766790223725,0.8871766790223719,0.7870824598011646,0.13313797819140963,False,False,False,False
event_random_forest,1995-07-03,1995-07-24,3,6.220000000000001,7.140820641917134,0.9208206419171336,0.847910654580682,0.13783893468762345,False,False,False,False
event_random_forest,1995-07-03,1995-07-31,4,6.220000000000001,6.715060093188399,0.49506009318839794,0.24508449586770525,0.07654546474802951,False,False,False,False
event_random_forest,1995-09-25,1995-10-02,1,5.9399999999999995,7.7911601505440435,1.851160150544044,3.4267939029622476,0.2696290961941332,False,False,False,False
event_random_forest,1995-09-25,1995-10-09,2,5.9399999999999995,7.63175633869155,1.6917563386915502,2.862039509503039,0.2493054393952746,False,False,False,False
event_random_forest,1995-09-25,1995-10-16,3,5.9399999999999995,6.831227595446775,0.8912275954467752,0.7942866268858408,0.13956803898233205,False,False,False,False
event_random_forest,1995-09-25,1995-10-23,4,5.9399999999999995,6.919028832465192,0.9790288324651923,0.9584974547981576,0.15227103776195572,False,False,False,False
event_random_forest,1995-12-18,1995-12-25,1,7.4,7.2770654961523045,0.12293450384769589,0.015112892236279155,0.016751918682917102,False,False,False,True
event_random_forest,1995-12-18,1996-01-01,2,5.779999999999999,6.727564526328716,0.9475645263287165,0.8978785315565648,0.15151863087878878,True,False,False,False
event_random_forest,1995-12-18,1996-01-08,3,5.779999999999999,6.8166962298263805,1.036696229826381,1.0747390729362327,0.16459811539659075,True,False,False,False
event_random_forest,1995-12-18,1996-01-15,4,5.779999999999999,6.819131668168355,1.0391316681683556,1.0797946237903495,0.16495290239623683,True,False,False,False
event_random_forest,1996-03-11,1996-03-18,1,7.5,7.375118235898009,0.12488176410199081,0.015595455005225281,0.016790691962449696,False,False,False,False
event_random_forest,1996-03-11,1996-03-25,2,7.5,7.304012703671372,0.195987296328628,0.03841102032220544,0.026477590941275463,False,False,False,False
event_random_forest,1996-03-11,1996-04-01,3,6.56,7.332902925924491,0.7729029259244911,0.5973789329026393,0.1112658643115163,False,False,False,False
event_random_forest,1996-03-11,1996-04-08,4,6.56,7.339668720075874,0.7796687200758745,0.6078833130647524,0.11218522337151336,False,False,False,False
event_random_forest,1996-06-03,1996-06-10,1,8.075,8.094105085364912,0.019105085364913066,0.0003650042868006154,0.002363159279879452,False,False,True,False
event_random_forest,1996-06-03,1996-06-17,2,8.075,8.09511726485209,0.02011726485209131,0.0004047043451291884,0.0024882027164786088,False,False,True,False
event_random_forest,1996-06-03,1996-06-24,3,8.075,8.08997358353341,0.014973583533411272,0.0002242082038320452,0.0018525961030538575,False,False,True,False
event_random_forest,1996-06-03,1996-07-01,4,6.12,8.076702504102075,1.9567025041020747,3.8286846895593296,0.27565591425708813,False,False,False,False
event_random_forest,1996-08-26,1996-09-02,1,6.220000000000001,7.629654932887571,1.4096549328875705,1.987127029814261,0.20356535086519528,False,True,False,False
event_random_forest,1996-08-26,1996-09-09,2,6.220000000000001,7.492308101482188,1.2723081014821878,1.618767905097209,0.18557169107725366,False,True,False,False
event_random_forest,1996-08-26,1996-09-16,3,6.220000000000001,7.299010768677669,1.0790107686776684,1.164264238922373,0.15962865732419404,False,True,False,False
event_random_forest,1996-08-26,1996-09-23,4,6.220000000000001,7.223749128025814,1.003749128025813,1.00751231201258,0.14932577489612994,False,True,False,False
event_random_forest,1996-11-18,1996-11-25,1,7.8,7.760254518995294,0.03974548100470621,0.0015797032602954618,0.005108590088444456,False,False,False,True
event_random_forest,1996-11-18,1996-12-02,2,6.0200000000000005,7.447247958675354,1.4272479586753537,2.037036735542964,0.21195836937953558,False,False,False,True
event_random_forest,1996-11-18,1996-12-09,3,6.0200000000000005,7.323943516597701,1.303943516597701,1.7002686944771788,0.19543600660116806,False,False,False,True
event_random_forest,1996-11-18,1996-12-16,4,6.0200000000000005,7.323455704109265,1.3034557041092647,1.698996772574979,0.19537003502141517,False,False,False,True
event_random_forest,1997-02-10,1997-02-17,1,7.65,7.470763551477942,0.1792364485220581,0.032125704478800386,0.02370732773009192,False,False,False,False
event_random_forest,1997-02-10,1997-02-24,2,7.65,7.445195726174805,0.20480427382519562,0.0419447905770657,0.027135027268320688,False,False,False,False
event_random_forest,1997-02-10,1997-03-03,3,6.08,7.26499386337417,1.18499386337417,1.4042104562344409,0.17759376669725258,False,False,False,False
event_random_forest,1997-02-10,1997-03-10,4,6.08,7.271909447540012,1.191909447540012,1.4206481311351367,0.17853767691026579,False,False,False,False
event_random_forest,1997-05-05,1997-05-12,1,7.325,7.1314373863704095,0.1935626136295907,0.03746648539511822,0.02677874340078868,False,False,True,False
event_random_forest,1997-05-05,1997-05-19,2,7.325,7.13656383029638,0.18843616970362032,0.035508190052571595,0.026060275626465002,False,False,True,False
event_random_forest,1997-05-05,1997-05-26,3,7.325,7.136396746963047,0.1886032530369528,0.03557118705612085,0.02608368421626497,False,False,True,False
event_random_forest,1997-05-05,1997-06-02,4,6.04,7.147854294219713,1.1078542942197132,1.2273411372210588,0.16801130335589012,False,False,True,False
event_random_forest,1997-07-28,1997-08-04,1,7.3,7.201818279515126,0.09818172048487384,0.009639650237369894,0.013540608300624297,False,False,False,False
event_random_forest,1997-07-28,1997-08-11,2,7.3,7.1099138280557055,0.19008617194429434,0.03613275276443583,0.026382693777696545,False,True,False,False
event_random_forest,1997-07-28,1997-08-18,3,7.3,7.103787452533082,0.19621254746691807,0.03849936378345758,0.02724457690222466,False,True,False,False
event_random_forest,1997-07-28,1997-08-25,4,7.3,7.101681492335873,0.19831850766412717,0.03933023048212647,0.027541021202234773,False,True,False,False
event_random_forest,1997-10-20,1997-10-27,1,7.7,7.285732850127449,0.4142671498725514,0.17161727146352698,0.05528820699202952,False,False,False,True
event_random_forest,1997-10-20,1997-11-03,2,8.1,7.144000736898385,0.9559992631016145,0.91393459105083,0.12542629452747278,False,False,False,True
event_random_forest,1997-10-20,1997-11-10,3,8.1,7.14966440125146,0.9503355987485396,0.9031377502487452,0.12463691970435108,False,False,False,True
event_random_forest,1997-10-20,1997-11-17,4,8.1,7.146325756562816,0.9536742434371837,0.9094945625954847,0.12510217329269283,False,False,False,True
event_random_forest,1998-01-12,1998-01-19,1,7.675,7.340691705102002,0.3343082948979976,0.11176203603760655,0.044527858118505056,True,False,False,False
event_random_forest,1998-01-12,1998-01-26,2,7.675,7.215861672994406,0.45913832700559354,0.21080800332549535,0.06166712673696677,True,False,False,False
event_random_forest,1998-01-12,1998-02-02,3,7.6,7.165205800660899,0.4347941993391009,0.1890459957789298,0.05889443130140987,False,False,False,False
event_random_forest,1998-01-12,1998-02-09,4,7.6,7.129675883462443,0.47032411653755624,0.22120477459683277,0.06386075569600369,False,False,False,False
event_random_forest,1998-04-06,1998-04-13,1,7.75,7.465213539961443,0.284786460038557,0.08110332782129263,0.03743443485569098,False,False,False,False
event_random_forest,1998-04-06,1998-04-20,2,7.75,7.295288313409398,0.4547116865906018,0.20676271792206968,0.06044572588021878,False,False,False,False
event_random_forest,1998-04-06,1998-04-27,3,7.75,7.221140351651082,0.5288596483489183,0.2796925276517415,0.07065054978134559,False,False,True,False
event_random_forest,1998-04-06,1998-05-04,4,7.75,7.221851745476403,0.5281482545235967,0.2789405787563219,0.07055216195059792,False,False,True,False
event_random_forest,1998-06-29,1998-07-06,1,7.65,6.831749605031479,0.8182503949685209,0.6695337088661405,0.11300435614274554,False,False,False,False
event_random_forest,1998-06-29,1998-07-13,2,7.65,7.118985001578906,0.5310149984210941,0.2819769285481546,0.0719094776471538,False,False,False,False
event_random_forest,1998-06-29,1998-07-20,3,7.65,7.233747682120042,0.416252317879958,0.17326599214043759,0.055933804680121664,False,False,False,False
event_random_forest,1998-06-29,1998-07-27,4,7.65,7.251713416532691,0.3982865834673097,0.15863220257006228,0.05345513932987479,False,False,False,False
event_random_forest,1998-09-21,1998-09-28,1,7.825,7.483247969816133,0.34175203018386746,0.11679445013479506,0.04464939826657018,False,True,False,False
event_random_forest,1998-09-21,1998-10-05,2,7.55,7.295113845105098,0.2548861548949022,0.06496695195710807,0.03433940049963931,False,False,False,False
event_random_forest,1998-09-21,1998-10-12,3,7.55,7.253208528925887,0.29679147107411286,0.08808517730233596,0.040098262548173114,False,False,False,False
event_random_forest,1998-09-21,1998-10-19,4,7.55,7.250760222510081,0.2992397774899187,0.08954444443221606,0.04043573073156241,False,False,False,False
event_random_forest,1998-12-14,1998-12-21,1,7.525,6.998229379702782,0.526770620297218,0.2774872864083158,0.07254180272514546,False,False,False,True
event_random_forest,1998-12-14,1998-12-28,2,7.525,7.014818838039707,0.5101811619602934,0.2602848180191551,0.07017710022982339,False,False,False,True
event_random_forest,1998-12-14,1999-01-04,3,8.425,7.094523455345681,1.3304765446543199,1.7701678358752984,0.1714584276356809,True,False,False,False
event_random_forest,1998-12-14,1999-01-11,4,8.425,7.171920956425755,1.253079043574246,1.5702070894449471,0.16068287414869428,True,False,False,False
event_random_forest,1999-03-08,1999-03-15,1,6.08,6.454610783149315,0.37461078314931484,0.14033323885174298,0.059772224224611155,False,False,False,False
event_random_forest,1999-03-08,1999-03-22,2,6.08,6.889930440959975,0.8099304409599748,0.6559873191936192,0.12489356741685463,False,False,False,False
event_random_forest,1999-03-08,1999-03-29,3,6.08,6.893982707947372,0.813982707947372,0.6625678488373368,0.12547923429075591,False,False,False,False
event_random_forest,1999-03-08,1999-04-05,4,9.025,7.194638696394109,1.8303613036058914,3.3502225017378584,0.2256969267771434,False,False,False,False
event_random_forest,1999-05-31,1999-06-07,1,8.6,6.959176982380579,1.6408230176194207,2.6923001751497018,0.21091385739457955,False,False,True,False
event_random_forest,1999-05-31,1999-06-14,2,8.6,6.9491204265290225,1.6508795734709771,2.7254033661037154,0.21234378899713718,False,False,True,False
event_random_forest,1999-05-31,1999-06-21,3,8.6,6.9465943765142235,1.6534056234857761,2.733750155774388,0.21270325621713354,False,False,True,False
event_random_forest,1999-05-31,1999-06-28,4,8.6,6.952472359040956,1.6475276409590434,2.7143473277240706,0.21186697560678236,False,False,True,False
event_random_forest,1999-08-23,1999-08-30,1,7.1,7.099679940401229,0.00032005959877068335,1.0243814676525081e-07,4.507983280102575e-05,False,True,False,False
event_random_forest,1999-08-23,1999-09-06,2,8.625,7.085943910487123,1.5390560895128766,2.3686936466666677,0.19592153065807202,False,True,False,False
event_random_forest,1999-08-23,1999-09-13,3,8.625,7.085943910487123,1.5390560895128766,2.3686936466666677,0.19592153065807202,False,True,False,False
event_random_forest,1999-08-23,1999-09-20,4,8.625,7.09028515157293,1.53471484842707,2.3553496659825246,0.19531492220788138,False,True,False,False
event_random_forest,1999-11-15,1999-11-22,1,7.040000000000001,7.0839183899627365,0.04391838996273556,0.0019288249769189116,0.006219009307494508,False,False,False,True
event_random_forest,1999-11-15,1999-11-29,2,7.040000000000001,7.095727657330358,0.05572765733035734,0.00310557179152973,0.007884653507944272,False,False,False,True
event_random_forest,1999-11-15,1999-12-06,3,7.5,7.3712094489013955,0.1287905510986045,0.016587006052282253,0.017320790422747874,False,False,False,True
event_random_forest,1999-11-15,1999-12-13,4,7.5,7.400008763944809,0.09999123605519067,0.009998247287844863,0.013421634529121951,False,False,False,True
event_random_forest,2000-02-07,2000-02-14,1,8.875,8.501544916065898,0.3734550839341022,0.13946869971622733,0.042983813610589006,False,False,False,False
event_random_forest,2000-02-07,2000-02-21,2,8.875,8.496654865462192,0.37834513453780794,0.143145040828432,0.043558905293475815,False,False,False,False
event_random_forest,2000-02-07,2000-02-28,3,8.875,8.0720619685695,0.8029380314305001,0.6447094823174868,0.09475837557207871,False,False,False,False
event_random_forest,2000-02-07,2000-03-06,4,8.575,7.2035913479686196,1.3714086520313797,1.880761690866526,0.17383156985150502,False,False,False,False
event_random_forest,2000-05-01,2000-05-08,1,6.5,6.783961522231319,0.2839615222313192,0.08063414610792799,0.04275253609491364,False,False,True,False
event_random_forest,2000-05-01,2000-05-15,2,6.5,7.195681484260097,0.6956814842600973,0.48397272754233206,0.10159136441068908,False,False,True,False
event_random_forest,2000-05-01,2000-05-22,3,6.5,7.492722704718519,0.9927227047185188,0.9854983684636514,0.14189128530128886,False,False,True,False
event_random_forest,2000-05-01,2000-05-29,4,6.5,7.491348968591756,0.9913489685917556,0.9827727775279376,0.1417088474909987,False,False,True,False
event_random_forest,2000-07-24,2000-07-31,1,6.840000000000001,7.143404830458665,0.30340483045866407,0.09205449114565069,0.04339498629086206,False,False,False,False
event_random_forest,2000-07-24,2000-08-07,2,9.175,7.463227239485747,1.711772760514254,2.93016598363859,0.20576383960568642,False,False,False,False
event_random_forest,2000-07-24,2000-08-14,3,9.175,7.46229803057913,1.7127019694208707,2.933348036058129,0.2058870336124228,False,True,False,False
event_random_forest,2000-07-24,2000-08-21,4,9.175,7.457997020478119,1.7170029795218813,2.948099231687018,0.2064574384770166,False,True,False,False
event_random_forest,2000-10-16,2000-10-23,1,7.159999999999999,7.25972191540727,0.0997219154072706,0.009944460412494834,0.013831322960634787,False,False,False,False
event_random_forest,2000-10-16,2000-10-30,2,7.159999999999999,7.6119933482120645,0.45199334821206527,0.20429798682795328,0.06119598588456886,False,False,False,True
event_random_forest,2000-10-16,2000-11-06,3,8.925,7.513347581667298,1.4116524183327028,1.9927625501845683,0.17175113390436325,False,False,False,True
event_random_forest,2000-10-16,2000-11-13,4,8.925,7.558909658732393,1.3660903412676078,1.866202820504649,0.16574834120665274,False,False,False,True
event_random_forest,2001-01-08,2001-01-15,1,7.32,7.597031943268865,0.2770319432688648,0.07674669759132353,0.03714303814893582,True,False,False,False
event_random_forest,2001-01-08,2001-01-22,2,7.32,7.673895382037707,0.3538953820377069,0.1252419414276145,0.04720526227782865,True,False,False,False
event_random_forest,2001-01-08,2001-01-29,3,7.32,7.700349233590014,0.3803492335900138,0.1446655394925109,0.0506445259927031,True,False,False,False
event_random_forest,2001-01-08,2001-02-05,4,8.625,7.730830457026588,0.8941695429734118,0.7995391715812801,0.10933954656998414,False,False,False,False
event_random_forest,2001-04-02,2001-04-09,1,7.2,7.483613855254695,0.2836138552546945,0.08043681889243082,0.03862998006491435,False,False,False,False
event_random_forest,2001-04-02,2001-04-16,2,7.2,7.519128370325687,0.31912837032568664,0.10184291674672859,0.04336240058467882,False,False,False,False
event_random_forest,2001-04-02,2001-04-23,3,7.2,7.526851345829335,0.3268513458293345,0.10683180227044722,0.04438848986167016,False,False,False,False
event_random_forest,2001-04-02,2001-04-30,4,7.2,7.123527989637603,0.07647201036239704,0.00584796836886656,0.010677817702136083,False,False,True,False
event_random_forest,2001-06-25,2001-07-02,1,6.720000000000001,8.695922497203231,1.9759224972032303,3.9042697149538497,0.256348265575635,False,False,False,False
event_random_forest,2001-06-25,2001-07-09,2,6.720000000000001,8.656457784411863,1.9364577844118624,3.749868750809299,0.2518730661589665,False,False,False,False
event_random_forest,2001-06-25,2001-07-16,3,6.720000000000001,8.664387978184418,1.9443879781844178,3.7806446097080877,0.252774173524696,False,False,False,False
event_random_forest,2001-06-25,2001-07-23,4,6.720000000000001,8.664277973490037,1.9442779734900366,3.7802168381985237,0.252761680052894,False,False,False,False
event_random_forest,2001-09-17,2001-09-24,1,8.625,8.32322056588428,0.30177943411571917,0.0910708268552037,0.035611931405139075,False,True,False,False
event_random_forest,2001-09-17,2001-10-01,2,7.3,8.016829380481992,0.7168293804819923,0.5138443607221969,0.09360023052753168,False,False,False,False
event_random_forest,2001-09-17,2001-10-08,3,7.3,7.766936438041874,0.46693643804187435,0.21802963717123316,0.061981603222659935,False,False,False,False
event_random_forest,2001-09-17,2001-10-15,4,7.3,7.684834166008701,0.3848341660087016,0.14809733532761288,0.05136315313807766,False,False,False,False
event_random_forest,2001-12-10,2001-12-17,1,8.379999999999999,8.101785111506638,0.27821488849336085,0.07740352417937321,0.033760285868443596,False,False,False,True
event_random_forest,2001-12-10,2001-12-24,2,8.379999999999999,8.027351470210641,0.35264852978935757,0.12436098556259541,0.0429866490554103,False,False,False,True
event_random_forest,2001-12-10,2001-12-31,3,8.379999999999999,7.787449277844041,0.5925507221559583,0.3511163583275477,0.07330169552076382,False,False,False,True
event_random_forest,2001-12-10,2002-01-07,4,10.9,7.53873147755447,3.3612685224455303,11.298126079983158,0.36458782715472743,True,False,False,False
event_random_forest,2002-03-04,2002-03-11,1,11.725,10.93289153250209,0.7921084674979095,0.6274358242818868,0.06991899192046645,False,False,False,False
event_random_forest,2002-03-04,2002-03-18,2,11.725,10.924925143613201,0.8000748563867983,0.6401197758223559,0.07064701991850975,False,False,False,False
event_random_forest,2002-03-04,2002-03-25,3,11.725,10.915218519681577,0.8097814803184225,0.6557460458666956,0.07153477601061703,False,False,False,False
event_random_forest,2002-03-04,2002-04-01,4,9.059999999999999,10.871073741242421,1.8110737412424225,3.279988096217825,0.18173368527505407,False,False,False,False
event_random_forest,2002-05-27,2002-06-03,1,11.075,11.374423288131007,0.29942328813100794,0.0896543054751846,0.026675365713230842,False,False,True,False
event_random_forest,2002-05-27,2002-06-10,2,11.075,11.374423288131007,0.29942328813100794,0.0896543054751846,0.026675365713230842,False,False,True,False
event_random_forest,2002-05-27,2002-06-17,3,11.075,11.374423288131007,0.29942328813100794,0.0896543054751846,0.026675365713230842,False,False,True,False
event_random_forest,2002-05-27,2002-06-24,4,11.075,11.374423288131007,0.29942328813100794,0.0896543054751846,0.026675365713230842,False,False,True,False
event_random_forest,2002-08-19,2002-08-26,1,10.875,10.768539036869566,0.1064609631304343,0.01133393667065969,0.009837666838965572,False,True,False,False
event_random_forest,2002-08-19,2002-09-02,2,8.540000000000001,10.920107890747168,2.3801078907471673,5.66491357159693,0.24461404881304422,False,True,False,False
event_random_forest,2002-08-19,2002-09-09,3,8.540000000000001,10.92657685539363,2.3865768553936295,5.695749086700546,0.24519738350735015,False,True,False,False
event_random_forest,2002-08-19,2002-09-16,4,8.540000000000001,10.92657685539363,2.3865768553936295,5.695749086700546,0.24519738350735015,False,True,False,False
event_random_forest,2002-11-11,2002-11-18,1,10.125,10.048767395078336,0.07623260492166395,0.005811410053142503,0.0075575972924384885,False,False,False,True
event_random_forest,2002-11-11,2002-11-25,2,10.125,9.797823229797592,0.3271767702024082,0.10704463896007943,0.032844418326521706,False,False,False,True
event_random_forest,2002-11-11,2002-12-02,3,7.540000000000001,9.56411453477436,2.024114534774359,4.097039649884819,0.23668159268451266,False,False,False,True
event_random_forest,2002-11-11,2002-12-09,4,7.540000000000001,9.516142554532381,1.9761425545323803,3.9051393958337615,0.23172209639010713,False,False,False,True
event_random_forest,2003-02-03,2003-02-10,1,9.45,9.51645646316216,0.06645646316216158,0.0044164614960237394,0.0070077890713257365,False,False,False,False
event_random_forest,2003-02-03,2003-02-17,2,9.45,9.51645646316216,0.06645646316216158,0.0044164614960237394,0.0070077890713257365,False,False,False,False
event_random_forest,2003-02-03,2003-02-24,3,9.45,9.51645646316216,0.06645646316216158,0.0044164614960237394,0.0070077890713257365,False,False,False,False
event_random_forest,2003-02-03,2003-03-03,4,7.5200000000000005,9.51645646316216,1.9964564631621604,3.9858384093019628,0.23437461510603308,False,False,False,False
event_random_forest,2003-04-28,2003-05-05,1,9.925,9.311670379414979,0.6133296205850218,0.37617322348696686,0.06376671310450288,False,False,True,False
event_random_forest,2003-04-28,2003-05-12,2,9.925,9.164346123046348,0.7606538769536524,0.5785943205246221,0.07969407354768676,False,False,True,False
event_random_forest,2003-04-28,2003-05-19,3,9.925,9.146133721734422,0.7788662782655784,0.6066326794192735,0.08168012343995504,False,False,True,False
event_random_forest,2003-04-28,2003-05-26,4,9.925,9.150504100522301,0.7744958994776994,0.5998438983077706,0.08120319079342109,False,False,True,False
event_random_forest,2003-07-21,2003-07-28,1,10.425,10.30425527722686,0.12074472277314108,0.014579288077562693,0.011649692297995009,False,False,False,False
event_random_forest,2003-07-21,2003-08-04,2,11.125,10.273430843697426,0.851569156302574,0.7251700279658777,0.07959173852725658,False,False,False,False
event_random_forest,2003-07-21,2003-08-11,3,11.125,10.257126855602188,0.8678731443978123,0.7532037947669459,0.08117743854563529,False,True,False,False
event_random_forest,2003-07-21,2003-08-18,4,11.125,10.248727207333788,0.8762727926662119,0.7678540071670421,0.08199531922214708,False,True,False,False
event_random_forest,2003-10-13,2003-10-20,1,10.9,10.408426059681059,0.49157394031894164,0.2416449388006904,0.046138925413086035,False,False,False,False
event_random_forest,2003-10-13,2003-10-27,2,10.9,10.274345069996723,0.625654930003277,0.39144409143740544,0.059095563799969164,False,False,False,True
event_random_forest,2003-10-13,2003-11-03,3,11.65,10.219234641438929,1.4307653585610716,2.047089511258392,0.13084731880373948,False,False,False,True
event_random_forest,2003-10-13,2003-11-10,4,11.65,10.219234641438929,1.4307653585610716,2.047089511258392,0.13084731880373948,False,False,False,True
event_random_forest,2004-01-05,2004-01-12,1,14.8,11.858548796034045,2.941451203965956,8.652135185312773,0.22067601852382537,True,False,False,False
event_random_forest,2004-01-05,2004-01-19,2,14.8,11.858548796034045,2.941451203965956,8.652135185312773,0.22067601852382537,True,False,False,False
event_random_forest,2004-01-05,2004-01-26,3,14.8,11.858548796034045,2.941451203965956,8.652135185312773,0.22067601852382537,True,False,False,False
event_random_forest,2004-01-05,2004-02-02,4,13.575,11.800975582904583,1.7740244170954167,3.147162632450733,0.13981920902308487,False,False,False,False
event_random_forest,2004-03-29,2004-04-05,1,13.65,11.393673172620009,2.2563268273799917,5.091010751954658,0.1801913650467864,False,False,False,False
event_random_forest,2004-03-29,2004-04-12,2,13.65,11.876248071304985,1.773751928695015,3.1461959045492853,0.13897474660124112,False,False,False,False
event_random_forest,2004-03-29,2004-04-19,3,13.65,12.079164596899552,1.570835403100448,2.4675238636337467,0.12210543386937163,False,False,False,False
event_random_forest,2004-03-29,2004-04-26,4,13.65,12.07233222510468,1.5776677748953212,2.489035607943154,0.12266910800223137,False,False,True,False
event_random_forest,2004-06-21,2004-06-28,1,14.625,13.615076417073432,1.009923582926568,1.0199456433512366,0.07152413952506069,False,False,True,False
event_random_forest,2004-06-21,2004-07-05,2,15.225,13.294495019723497,1.9305049802765026,3.72684947887238,0.13538142796297095,False,False,False,False
event_random_forest,2004-06-21,2004-07-12,3,15.225,12.851857646047335,2.373142353952664,5.631804632123992,0.16904615066755915,False,False,False,False
event_random_forest,2004-06-21,2004-07-19,4,15.225,12.851857646047335,2.373142353952664,5.631804632123992,0.16904615066755915,False,False,False,False
event_random_forest,2004-09-13,2004-09-20,1,14.2,14.337230477981972,0.13723047798197285,0.018832204087160735,0.009617645138189121,False,True,False,False
event_random_forest,2004-09-13,2004-09-27,2,14.2,14.337230477981969,0.1372304779819693,0.01883220408715976,0.009617645138188873,False,True,False,False
event_random_forest,2004-09-13,2004-10-04,3,14.6,14.081534038037113,0.5184659619628871,0.26880695371410185,0.03615329370286147,False,False,False,False
event_random_forest,2004-09-13,2004-10-11,4,14.6,13.733035958745774,0.8669640412542261,0.7516266488278595,0.06119810404480242,False,False,False,False
event_random_forest,2004-12-06,2004-12-13,1,13.325,12.648172054116044,0.6768279458839555,0.4580960683294945,0.05211746524250176,False,False,False,True
event_random_forest,2004-12-06,2004-12-20,2,13.325,11.832024269453463,1.4929757305465365,2.2289765320009645,0.11869255398058823,False,False,False,True
event_random_forest,2004-12-06,2004-12-27,3,13.325,11.798607494191684,1.5263925058083156,2.3298740817877888,0.12151061555640064,False,False,False,True
event_random_forest,2004-12-06,2005-01-03,4,11.72,11.870176064445745,0.15017606444574483,0.022552850332412503,0.012732085087917993,True,False,False,False
event_random_forest,2005-02-28,2005-03-07,1,15.45,14.640239849040272,0.8097601509597272,0.6557115020823202,0.053822113417653895,False,False,False,False
event_random_forest,2005-02-28,2005-03-14,2,15.45,14.631917263061439,0.8180827369385604,0.6692593644768857,0.054390332224143884,False,False,False,False
event_random_forest,2005-02-28,2005-03-21,3,15.45,14.631917263061439,0.8180827369385604,0.6692593644768857,0.054390332224143884,False,False,False,False
event_random_forest,2005-02-28,2005-03-28,4,15.45,14.631917263061439,0.8180827369385604,0.6692593644768857,0.054390332224143884,False,False,False,False
event_random_forest,2005-05-23,2005-05-30,1,12.3,12.403748518659983,0.10374851865998203,0.010763755124140639,0.008399415058942617,False,False,True,False
event_random_forest,2005-05-23,2005-06-06,2,15.35,12.230107372288657,3.1198926277113426,9.733730008447585,0.2262422394226123,False,False,True,False
event_random_forest,2005-05-23,2005-06-13,3,15.35,12.23780583382712,3.1121941661728805,9.68575252796051,0.2256209997213208,False,False,True,False
event_random_forest,2005-05-23,2005-06-20,4,15.35,12.23780583382712,3.1121941661728805,9.68575252796051,0.2256209997213208,False,False,True,False
event_random_forest,2005-08-15,2005-08-22,1,12.4,12.860928126675965,0.46092812667596483,0.21245473796101427,0.036493364326484666,False,True,False,False
event_random_forest,2005-08-15,2005-08-29,2,12.4,12.87971610083144,0.479716100831439,0.23012753739691935,0.03795264938245579,False,True,False,False
event_random_forest,2005-08-15,2005-09-05,3,15.975,13.285346199729993,2.6896538002700066,7.234237565306889,0.18384292392923401,False,True,False,False
event_random_forest,2005-08-15,2005-09-12,4,15.975,13.289642380285548,2.685357619714452,7.211145545758467,0.18352232600822577,False,True,False,False
event_random_forest,2005-11-07,2005-11-14,1,16.175,13.983011266444459,2.191988733555542,4.8048146080344285,0.14536692848805152,False,False,False,True
event_random_forest,2005-11-07,2005-11-21,2,16.175,13.710958506688021,2.4640414933119796,6.071500480763131,0.16489626677093625,False,False,False,True
event_random_forest,2005-11-07,2005-11-28,3,16.175,13.54628175940889,2.6287182405911107,6.910159588416424,0.1768913105343403,False,False,False,True
event_random_forest,2005-11-07,2005-12-05,4,14.775,13.54671563714092,1.22828436285908,1.5086824760441362,0.0867379913417615,False,False,False,True
event_random_forest,2006-01-30,2006-02-06,1,14.625,12.547714620293924,2.077285379706076,4.315114548740617,0.15289494691521596,False,False,False,False
event_random_forest,2006-01-30,2006-02-13,2,14.625,13.092869294463707,1.532130705536293,2.347424498847139,0.11055183854570788,False,False,False,False
event_random_forest,2006-01-30,2006-02-20,3,14.625,13.132672379567602,1.4923276204323983,2.227041726705424,0.10752541495740826,False,False,False,False
event_random_forest,2006-01-30,2006-02-27,4,14.625,13.131141234786455,1.4938587652135453,2.2316140104053384,0.10764167486951026,False,False,False,False
event_random_forest,2006-04-24,2006-05-01,1,11.92,14.044043817169749,2.124043817169749,4.511562137257038,0.16361425301286397,False,False,True,False
event_random_forest,2006-04-24,2006-05-08,2,11.92,14.008910454765822,2.0889104547658217,4.363546888029952,0.16112597237049528,False,False,True,False
event_random_forest,2006-04-24,2006-05-15,3,11.92,14.008910454765822,2.0889104547658217,4.363546888029952,0.16112597237049528,False,False,True,False
event_random_forest,2006-04-24,2006-05-22,4,11.92,14.008910454765822,2.0889104547658217,4.363546888029952,0.16112597237049528,False,False,True,False
event_random_forest,2006-07-17,2006-07-24,1,11.8,12.328241783468224,0.5282417834682231,0.27903938180168913,0.04378618120696675,False,False,False,False
event_random_forest,2006-07-17,2006-07-31,2,11.8,12.718447400589014,0.9184474005890131,0.8435456276487151,0.07491888744692284,False,False,False,False
event_random_forest,2006-07-17,2006-08-07,3,14.875,12.92583586480998,1.9491641351900206,3.799240825911061,0.1402234195164796,False,False,False,False
event_random_forest,2006-07-17,2006-08-14,4,14.875,12.930501196700313,1.9444988032996875,3.781075596033917,0.139864323217482,False,True,False,False
event_random_forest,2006-10-09,2006-10-16,1,11.559999999999999,12.220711633410163,0.6607116334101644,0.43653986252352744,0.0555670194900234,False,False,False,False
event_random_forest,2006-10-09,2006-10-23,2,11.559999999999999,13.093822804217279,1.5338228042172801,2.352612394736961,0.12442880087179865,False,False,False,False
event_random_forest,2006-10-09,2006-10-30,3,11.559999999999999,13.296358949526219,1.7363589495262204,3.0149424015997996,0.13971144792784035,False,False,False,True
event_random_forest,2006-10-09,2006-11-06,4,14.025,13.61775332402756,0.4072466759724396,0.16584985509060118,0.02946498644318862,False,False,False,True
event_random_forest,2007-01-01,2007-01-08,1,11.059999999999999,12.11762381195873,1.057623811958731,1.1185681276221169,0.09126248838442526,True,False,False,False
event_random_forest,2007-01-01,2007-01-15,2,11.059999999999999,12.119314448577017,1.0593144485770178,1.1221471009640314,0.09140170654547114,True,False,False,False
event_random_forest,2007-01-01,2007-01-22,3,11.059999999999999,12.119314448577017,1.0593144485770178,1.1221471009640314,0.09140170654547114,True,False,False,False
event_random_forest,2007-01-01,2007-01-29,4,11.059999999999999,12.131851115243684,1.0718511152436854,1.1488648132491321,0.09243342499203717,True,False,False,False
event_random_forest,2007-03-26,2007-04-02,1,10.6,14.408741366201888,3.808741366201888,14.506510794617423,0.3045928070054112,False,False,False,False
event_random_forest,2007-03-26,2007-04-09,2,10.6,14.351247297662852,3.751247297662852,14.071856288222849,0.30068615431615925,False,False,False,False
event_random_forest,2007-03-26,2007-04-16,3,10.6,14.35403252493558,3.75403252493558,14.092760198274206,0.30087582206878377,False,False,False,False
event_random_forest,2007-03-26,2007-04-23,4,10.6,14.33083441066967,3.7308344106696705,13.919125399836908,0.29929478887180627,False,False,False,False
event_random_forest,2007-06-18,2007-06-25,1,15.9,15.808053643263047,0.09194635673695295,0.008454132517199012,0.0057995585456875635,False,False,True,False
event_random_forest,2007-06-18,2007-07-02,2,11.86,15.739342955930221,3.8793429559302215,15.049301769725428,0.2811185006921822,False,False,False,False
event_random_forest,2007-06-18,2007-07-09,3,11.86,15.741013590850855,3.8810135908508556,15.062266492369053,0.2812225411995253,False,False,False,False
event_random_forest,2007-06-18,2007-07-16,4,11.86,15.737499065792582,3.8774990657925823,15.034999005222348,0.2810036559145163,False,False,False,False
event_random_forest,2007-09-10,2007-09-17,1,15.075,14.82560563709302,0.2493943629069797,0.06219754824977829,0.016681559292404096,False,True,False,False
event_random_forest,2007-09-10,2007-09-24,2,15.075,14.603040637317541,0.4719593626824583,0.22274564002363223,0.031805291221888195,False,True,False,False
event_random_forest,2007-09-10,2007-10-01,3,11.18,13.257292378112156,2.0772923781121566,4.315143624162859,0.17001002778628072,False,False,False,False
event_random_forest,2007-09-10,2007-10-08,4,11.18,13.002582273701247,1.8225822737012471,3.3218061444100075,0.15073512440260112,False,False,False,False
event_random_forest,2007-12-03,2007-12-10,1,11.2,12.436783315927926,1.2367833159279265,1.5296329705576772,0.10464903784894498,False,False,False,True
event_random_forest,2007-12-03,2007-12-17,2,11.2,13.183268994243775,1.983268994243776,3.9333559035287187,0.16267457777806346,False,False,False,True
event_random_forest,2007-12-03,2007-12-24,3,11.2,13.151094504416008,1.9510945044160088,3.8067697651623513,0.1602469658242411,False,False,False,True
event_random_forest,2007-12-03,2007-12-31,4,11.2,12.350270925885127,1.1502709258851276,1.3231232029366287,0.09768642827975409,False,False,False,True
event_random_forest,2008-02-25,2008-03-03,1,12.559999999999999,15.837209579157667,3.2772095791576685,10.740102625722782,0.2308120852524186,False,False,False,False
event_random_forest,2008-02-25,2008-03-10,2,12.559999999999999,15.759670008416581,3.1996700084165823,10.237888162760573,0.22596802910949482,False,False,False,False
event_random_forest,2008-02-25,2008-03-17,3,12.559999999999999,15.759670008416581,3.1996700084165823,10.237888162760573,0.22596802910949482,False,False,False,False
event_random_forest,2008-02-25,2008-03-24,4,12.559999999999999,15.759670008416581,3.1996700084165823,10.237888162760573,0.22596802910949482,False,False,False,False
event_random_forest,2008-05-19,2008-05-26,1,16.05,15.813038944226998,0.23696105577300308,0.05615054195305628,0.01487372602392253,False,False,True,False
event_random_forest,2008-05-19,2008-06-02,2,12.24,15.790514998250595,3.550514998250595,12.606156752802422,0.25333212739560335,False,False,True,False
event_random_forest,2008-05-19,2008-06-09,3,12.24,15.783594485430083,3.5435944854300825,12.557061877170492,0.25290078239409686,False,False,True,False
event_random_forest,2008-05-19,2008-06-16,4,12.24,15.783299280403625,3.543299280403625,12.554969790508846,0.252882377977629,False,False,True,False
event_random_forest,2008-08-11,2008-08-18,1,15.725,15.414364715677694,0.3106352843223057,0.09649427986599969,0.019951292337438763,False,True,False,False
event_random_forest,2008-08-11,2008-08-25,2,15.725,15.387375077449637,0.33762492255036314,0.11399058832713871,0.02170357754494127,False,True,False,False
event_random_forest,2008-08-11,2008-09-01,3,11.98,15.384029346328903,3.404029346328903,11.587415790668377,0.24879591402613224,False,True,False,False
event_random_forest,2008-08-11,2008-09-08,4,11.98,15.383331132043189,3.4033311320431885,11.582662794334372,0.2487512295648681,False,True,False,False
event_random_forest,2008-11-03,2008-11-10,1,13.925,13.583117584951037,0.3418824150489641,0.11688358571971216,0.024856838276422006,False,False,False,True
event_random_forest,2008-11-03,2008-11-17,2,13.925,13.54442385939826,0.3805761406017414,0.14483819879531643,0.027709073371885287,False,False,False,True
event_random_forest,2008-11-03,2008-11-24,3,13.925,13.533844692731593,0.3911553072684075,0.1530024744042423,0.028490296051818017,False,False,False,True
event_random_forest,2008-11-03,2008-12-01,4,11.24,13.56952635575811,2.3295263557581105,5.426693042171663,0.18779289232318977,False,False,False,True
event_random_forest,2009-01-26,2009-02-02,1,13.925,14.637052888565238,0.7120528885652373,0.5070193161140982,0.04986006372464258,False,False,False,False
event_random_forest,2009-01-26,2009-02-09,2,13.925,14.477852730385075,0.5528527303850748,0.3056461414942322,0.03892938048392855,False,False,False,False
event_random_forest,2009-01-26,2009-02-16,3,13.925,14.243158228178629,0.3181582281786284,0.10122465815776416,0.02258992054797192,False,False,False,False
event_random_forest,2009-01-26,2009-02-23,4,13.925,14.075094113945907,0.15009411394590622,0.02252824304120668,0.010720972103529422,False,False,False,False
event_random_forest,2009-04-20,2009-04-27,1,14.7,14.385878510444927,0.31412148955507213,0.09867231020029729,0.02159958754158098,False,False,True,False
event_random_forest,2009-04-20,2009-05-04,2,14.775,13.802407271034554,0.9725927289654468,0.9459366164364551,0.06806724765064645,False,False,True,False
event_random_forest,2009-04-20,2009-05-11,3,14.775,13.422083559165143,1.352916440834857,1.8303828958812574,0.09596144494845155,False,False,True,False
event_random_forest,2009-04-20,2009-05-18,4,14.775,13.226108962319998,1.5488910376800025,2.399063446605435,0.11063069250323514,False,False,True,False
event_random_forest,2009-07-13,2009-07-20,1,17.15,15.49795816651343,1.6520418334865692,2.7292422195896653,0.1012033784814786,False,False,False,False
event_random_forest,2009-07-13,2009-07-27,2,17.15,15.262192129718057,1.8878078702819412,3.5638185550984387,0.1164875157302952,False,False,False,False
event_random_forest,2009-07-13,2009-08-03,3,11.64,14.760613035008298,3.1206130350082972,9.738225714263697,0.23640458885331458,False,False,False,False
event_random_forest,2009-07-13,2009-08-10,4,11.64,14.525197749671346,2.8851977496713452,8.324366054708594,0.22053704904313864,False,True,False,False
event_random_forest,2009-10-05,2009-10-12,1,14.25,13.913403479736422,0.3365965202635781,0.11329721745354936,0.023903113876542613,False,False,False,False
event_random_forest,2009-10-05,2009-10-19,2,14.25,13.752383177967477,0.4976168220325228,0.24762250156974744,0.03554103369487866,False,False,False,False
event_random_forest,2009-10-05,2009-10-26,3,14.25,13.692878809653042,0.5571211903469582,0.3103840207336116,0.03987571890083832,False,False,False,True
event_random_forest,2009-10-05,2009-11-02,4,11.66,13.350579656337672,1.6905796563376718,2.8580595744228003,0.13518916231190023,False,False,False,True
event_random_forest,2009-12-28,2010-01-04,1,11.45,13.375385229007886,1.9253852290078868,3.7071082800817527,0.155114227734772,True,False,False,False
event_random_forest,2009-12-28,2010-01-11,2,11.45,13.338164021421614,1.8881640214216144,3.565163371791043,0.1523439993207958,True,False,False,False
event_random_forest,2009-12-28,2010-01-18,3,11.45,13.338164021421614,1.8881640214216144,3.565163371791043,0.1523439993207958,True,False,False,False
event_random_forest,2009-12-28,2010-01-25,4,11.45,13.338164021421614,1.8881640214216144,3.565163371791043,0.1523439993207958,True,False,False,False
event_random_forest,2010-03-22,2010-03-29,1,9.92,10.075487572822984,0.15548757282298453,0.02417638530238292,0.015552266205733,False,False,False,False
event_random_forest,2010-03-22,2010-04-05,2,12.675,10.952001454650583,1.7229985453494177,2.9687239872762095,0.14584995465095502,False,False,False,False
event_random_forest,2010-03-22,2010-04-12,3,12.675,12.096506253496889,0.5784937465031117,0.33465501474320647,0.046706384390448455,False,False,False,False
event_random_forest,2010-03-22,2010-04-19,4,12.675,13.028864584799562,0.3538645847995614,0.125220144375366,0.02753395962168471,False,False,False,False
event_random_forest,2010-06-14,2010-06-21,1,14.45,13.407349272927515,1.042650727072484,1.0871205386647798,0.07485642060608823,False,False,True,False
event_random_forest,2010-06-14,2010-06-28,2,14.45,12.500043536353711,1.9499564636462878,3.8023302101159366,0.14470896575851047,False,False,True,False
event_random_forest,2010-06-14,2010-07-05,3,14.55,12.644726622160341,1.9052733778396593,3.630066644304545,0.14012079652877238,False,False,False,False
event_random_forest,2010-06-14,2010-07-12,4,14.55,12.696628159211256,1.8533718407887445,3.434987180228659,0.13604412479657055,False,False,False,False
event_random_forest,2010-09-06,2010-09-13,1,14.6,14.468492230948517,0.13150776905148298,0.017294293320898185,0.009048131427433988,False,True,False,False
event_random_forest,2010-09-06,2010-09-20,2,14.6,14.070536653858408,0.5294633461415916,0.2803314349074509,0.03693431710287417,False,True,False,False
event_random_forest,2010-09-06,2010-09-27,3,14.6,13.848972157498286,0.7510278425017134,0.5640428202127784,0.052798240888556336,False,True,False,False
event_random_forest,2010-09-06,2010-10-04,4,14.925,13.531005802038015,1.3939941979619856,1.9432198239516796,0.09797539455534887,False,False,False,False
event_random_forest,2010-11-29,2010-12-06,1,16.225,12.622396324500162,3.6026036754998394,12.978753242724952,0.2497697632725446,False,False,False,True
event_random_forest,2010-11-29,2010-12-13,2,16.225,12.988147443850583,3.236852556149419,10.477214470251026,0.22160245227740988,False,False,False,True
event_random_forest,2010-11-29,2010-12-20,3,16.225,13.12141305562171,3.103586944378291,9.632251921315378,0.21151388679058725,False,False,False,True
event_random_forest,2010-11-29,2010-12-27,4,16.225,13.12141305562171,3.103586944378291,9.632251921315378,0.21151388679058725,False,False,False,True
event_random_forest,2011-02-21,2011-02-28,1,15.95,14.790608155297702,1.1593918447022968,1.3441894495621949,0.07543063812174401,False,False,False,False
event_random_forest,2011-02-21,2011-03-07,2,15.35,14.54875710494893,0.8012428950510699,0.6419901768698199,0.053597070422599334,False,False,False,False
event_random_forest,2011-02-21,2011-03-14,3,15.35,14.462146709220509,0.8878532907794909,0.7882834659479713,0.05956319076511787,False,False,False,False
event_random_forest,2011-02-21,2011-03-21,4,15.35,14.32393606791571,1.0260639320842895,1.0528071927242735,0.06915590366818229,False,False,False,False
event_random_forest,2011-05-16,2011-05-23,1,12.040000000000001,12.326680366845837,0.286680366845836,0.0821856327348631,0.023530523036359385,False,False,True,False
event_random_forest,2011-05-16,2011-05-30,2,12.040000000000001,12.499714277681093,0.4597142776810923,0.21133721710384842,0.0374669625309536,False,False,True,False
event_random_forest,2011-05-16,2011-06-06,3,15.1,13.110361871364113,1.989638128635887,3.958659882921715,0.14105725674193048,False,False,True,False
event_random_forest,2011-05-16,2011-06-13,4,15.1,13.166960613113561,1.9330393868864384,3.736641271254298,0.13677023245220543,False,False,True,False
event_random_forest,2011-08-08,2011-08-15,1,11.620000000000001,12.118630633510268,0.4986306335102668,0.24863250867485,0.04201005872734568,False,True,False,False
event_random_forest,2011-08-08,2011-08-22,2,11.620000000000001,13.508146939154315,1.8881469391543142,3.5650988638378056,0.1502814309169954,False,True,False,False
event_random_forest,2011-08-08,2011-08-29,3,11.620000000000001,13.534130732212832,1.914130732212831,3.663896460001628,0.15219215902074967,False,True,False,False
event_random_forest,2011-08-08,2011-09-05,4,14.25,13.622466478656287,0.6275335213437128,0.39379832041004,0.04502891926154113,False,True,False,False
event_random_forest,2011-10-31,2011-11-07,1,16.6,12.637135992046376,3.962864007953625,15.704291145534269,0.27108428192362455,False,False,False,True
event_random_forest,2011-10-31,2011-11-14,2,16.6,13.161347287062213,3.438652712937788,11.82433248019441,0.23108179073819224,False,False,False,True
event_random_forest,2011-10-31,2011-11-21,3,16.6,13.191204494337514,3.4087955056624875,11.619886799424773,0.22884576595823142,False,False,False,True
event_random_forest,2011-10-31,2011-11-28,4,16.6,13.206042168838936,3.3939578311610656,11.518949759699524,0.22773622958296136,False,False,False,True
event_random_forest,2012-01-23,2012-01-30,1,12.120000000000001,12.346396908205309,0.22639690820530767,0.05125556004492251,0.018506763301087525,True,False,False,False
event_random_forest,2012-01-23,2012-02-06,2,13.075,13.065418486994888,0.00958151300511112,9.180539146711352e-05,0.0007330803070255372,False,False,False,False
event_random_forest,2012-01-23,2012-02-13,3,13.075,12.95059703942006,0.12440296057993905,0.015476096601053868,0.009560046625751582,False,False,False,False
event_random_forest,2012-01-23,2012-02-20,4,13.075,12.92948039437529,0.14551960562470967,0.021175955621171035,0.011191887199267803,False,False,False,False
event_random_forest,2012-04-16,2012-04-23,1,11.68,12.033466930525828,0.353466930525828,0.12493887097535052,0.029811493322456178,False,False,False,False
event_random_forest,2012-04-16,2012-04-30,2,11.68,12.156745144057796,0.4767451440577961,0.22728593238268877,0.040000859276430434,False,False,True,False
event_random_forest,2012-04-16,2012-05-07,3,13.85,12.22762199243273,1.622378007567269,2.6321103994379413,0.12442683677507516,False,False,True,False
event_random_forest,2012-04-16,2012-05-14,4,13.85,12.343051467518913,1.5069485324810863,2.2708938795468994,0.11506475557838693,False,False,True,False
event_random_forest,2012-07-09,2012-07-16,1,12.540000000000001,13.363192542895568,0.8231925428955673,0.6776459626788705,0.06355915716044377,False,False,False,False
event_random_forest,2012-07-09,2012-07-23,2,12.540000000000001,13.480443346975738,0.9404433469757372,0.8844336888709268,0.07228495951703616,False,False,False,False
event_random_forest,2012-07-09,2012-07-30,3,12.540000000000001,13.171815620156638,0.6318156201566367,0.39919097787391544,0.04914593582114273,False,False,False,False
event_random_forest,2012-07-09,2012-08-06,4,14.85,13.223627893192052,1.6263721068079473,2.645086229802921,0.1158647619748745,False,False,False,False
event_random_forest,2012-10-01,2012-10-08,1,11.86,12.974070071116673,1.1140700711166733,1.2411521233579095,0.08972110233452191,False,False,False,False
event_random_forest,2012-10-01,2012-10-15,2,11.86,13.471905472246986,1.6119054722469865,2.5982392514597805,0.12726286808648885,False,False,False,False
event_random_forest,2012-10-01,2012-10-22,3,11.86,13.516602584575015,1.6566025845750154,2.7443321232206213,0.13056141609609864,False,False,False,False
event_random_forest,2012-10-01,2012-10-29,4,11.86,13.525269907252339,1.6652699072523394,2.773123864000215,0.13119970071908413,False,False,False,True
event_random_forest,2012-12-24,2012-12-31,1,12.66,12.733343833017974,0.07334383301797409,0.005379317841768466,0.005776618747044095,False,False,False,True
event_random_forest,2012-12-24,2013-01-07,2,15.725,12.500647140971486,3.2243528590285138,10.39645135952535,0.22846972067103763,True,False,False,False
event_random_forest,2012-12-24,2013-01-14,3,15.725,12.475607790820003,3.2493922091799963,10.558549729079656,0.2304483813457208,True,False,False,False
event_random_forest,2012-12-24,2013-01-21,4,15.725,12.343662700566766,3.381337299433234,11.433441932538436,0.24093326678972546,True,False,False,False
event_random_forest,2013-03-18,2013-03-25,1,16.4,16.322987738245153,0.07701226175484521,0.005930888460596795,0.0047069211632430955,False,False,False,False
event_random_forest,2013-03-18,2013-04-01,2,13.34,15.337986013131658,1.9979860131316585,3.9919481086697397,0.13933935334348654,False,False,False,False
event_random_forest,2013-03-18,2013-04-08,3,13.34,14.255079858703393,0.9150798587033933,0.8373711478046222,0.06632195763802294,False,False,False,False
event_random_forest,2013-03-18,2013-04-15,4,13.34,13.503724110817874,0.1637241108178742,0.02680558446310355,0.012198315713719788,False,False,False,False
event_random_forest,2013-06-10,2013-06-17,1,16.475,16.417487916772345,0.057512083227656774,0.0033076397171849198,0.0034969737389995694,False,False,True,False
event_random_forest,2013-06-10,2013-06-24,2,16.475,16.189355663123926,0.28564433687607504,0.08159268718937264,0.017489666094871122,False,False,True,False
event_random_forest,2013-06-10,2013-07-01,3,13.16,15.72295141100185,2.5629514110018494,6.568719935156371,0.17747157307653758,False,False,False,False
event_random_forest,2013-06-10,2013-07-08,4,13.16,15.42609293074029,2.2660929307402906,5.13517717075112,0.1585451314547032,False,False,False,False
event_random_forest,2013-09-02,2013-09-09,1,13.580000000000002,14.028431463590875,0.4484314635908735,0.20109077753825289,0.03248510978845363,False,True,False,False
event_random_forest,2013-09-02,2013-09-16,2,13.580000000000002,14.19959957174182,0.6195995717418175,0.3839036293026436,0.04460824355237225,False,True,False,False
event_random_forest,2013-09-02,2013-09-23,3,13.580000000000002,14.178568691513734,0.5985686915137318,0.3582844784604611,0.04312676911880722,False,True,False,False
event_random_forest,2013-09-02,2013-09-30,4,13.580000000000002,13.690614807954853,0.11061480795485146,0.012235635738888669,0.008112380944384505,False,True,False,False
event_random_forest,2013-11-25,2013-12-02,1,14.419999999999998,17.38340851552859,2.9634085155285916,8.781790029907372,0.1863579190942162,False,False,False,True
event_random_forest,2013-11-25,2013-12-09,2,14.419999999999998,17.383408515528586,2.963408515528588,8.78179002990735,0.186357919094216,False,False,False,True
event_random_forest,2013-11-25,2013-12-16,3,14.419999999999998,17.383408515528586,2.963408515528588,8.78179002990735,0.186357919094216,False,False,False,True
event_random_forest,2013-11-25,2013-12-23,4,14.419999999999998,17.383408515528586,2.963408515528588,8.78179002990735,0.186357919094216,False,False,False,True
event_random_forest,2014-02-17,2014-02-24,1,18.575,17.92424149833969,0.6507585016603095,0.423486627483171,0.03565874111054674,False,False,False,False
event_random_forest,2014-02-17,2014-03-03,2,14.5,17.87999352964172,3.3799935296417196,11.42435626041989,0.20877048826755082,False,False,False,False
event_random_forest,2014-02-17,2014-03-10,3,14.5,17.8697500111232,3.3697500111232017,11.355215137464818,0.20820364753915344,False,False,False,False
event_random_forest,2014-02-17,2014-03-17,4,14.5,17.8697500111232,3.3697500111232017,11.355215137464818,0.20820364753915344,False,False,False,False
event_random_forest,2014-05-12,2014-05-19,1,18.65,17.824373171738053,0.8256268282619459,0.6816596595458807,0.04527161162575799,False,False,True,False
event_random_forest,2014-05-12,2014-05-26,2,18.65,17.873998462471288,0.7760015375287104,0.6021783862469224,0.04249269358205995,False,False,True,False
event_random_forest,2014-05-12,2014-06-02,3,14.76,17.871023841259166,3.1110238412591666,9.678469340882941,0.19067889848589675,False,False,True,False
event_random_forest,2014-05-12,2014-06-09,4,14.76,17.871023841259166,3.1110238412591666,9.678469340882941,0.19067889848589675,False,False,True,False
event_random_forest,2014-08-04,2014-08-11,1,19.3,17.945645136186492,1.3543548638135086,1.8342770971353073,0.07272554194517991,False,True,False,False
event_random_forest,2014-08-04,2014-08-18,2,19.3,18.061004440732706,1.2389955592672948,1.5351099958840766,0.06632560220551695,False,True,False,False
event_random_forest,2014-08-04,2014-08-25,3,19.3,18.054660883309737,1.245339116690264,1.5508695155588872,0.06667650500592222,False,True,False,False
event_random_forest,2014-08-04,2014-09-01,4,17.32,18.027491167108185,0.7074911671081843,0.5005437515361008,0.040030629826793715,False,True,False,False
event_random_forest,2014-10-27,2014-11-03,1,20.825,19.884831821015876,0.9401681789841234,0.8839162047743228,0.04618875278668063,False,False,False,True
event_random_forest,2014-10-27,2014-11-10,2,20.825,19.884831821015876,0.9401681789841234,0.8839162047743228,0.04618875278668063,False,False,False,True
event_random_forest,2014-10-27,2014-11-17,3,20.825,19.884831821015876,0.9401681789841234,0.8839162047743228,0.04618875278668063,False,False,False,True
event_random_forest,2014-10-27,2014-11-24,4,20.825,19.884831821015876,0.9401681789841234,0.8839162047743228,0.04618875278668063,False,False,False,True
event_random_forest,2015-01-19,2015-01-26,1,21.775,21.202468315046232,0.5725316849537663,0.3277925302759987,0.026643341611321734,True,False,False,False
event_random_forest,2015-01-19,2015-02-02,2,21.9,21.202468315046232,0.6975316849537663,0.48655045151444026,0.03236620603049183,False,False,False,False
event_random_forest,2015-01-19,2015-02-09,3,21.9,21.202468315046232,0.6975316849537663,0.48655045151444026,0.03236620603049183,False,False,False,False
event_random_forest,2015-01-19,2015-02-16,4,21.9,21.202468315046232,0.6975316849537663,0.48655045151444026,0.03236620603049183,False,False,False,False
event_random_forest,2015-04-13,2015-04-20,1,21.675,21.6134030833961,0.0615969166039001,0.0037941801351078237,0.002845885374206677,False,False,False,False
event_random_forest,2015-04-13,2015-04-27,2,21.675,21.613403083396104,0.061596916603896545,0.003794180135107386,0.002845885374206513,False,False,True,False
event_random_forest,2015-04-13,2015-05-04,3,23.65,21.603606074849093,2.0463939251509053,4.18772809689453,0.09044114282367627,False,False,True,False
event_random_forest,2015-04-13,2015-05-11,4,23.65,21.594456181686702,2.0555438183132964,4.225260389006006,0.0908638976699782,False,False,True,False
event_random_forest,2015-07-06,2015-07-13,1,25.05,22.94641924278708,2.103580757212921,4.425052002116486,0.0876557372570683,False,False,False,False
event_random_forest,2015-07-06,2015-07-20,2,25.05,22.940917318785157,2.1090826812148435,4.448229756200393,0.08789507677900885,False,False,False,False
event_random_forest,2015-07-06,2015-07-27,3,25.05,22.93345594312378,2.116544056876222,4.4797587446980565,0.08821974221219184,False,False,False,False
event_random_forest,2015-07-06,2015-08-03,4,20.56,23.108352348107672,2.5483523481076737,6.4940996901058945,0.11671392260432305,False,False,False,False
event_random_forest,2015-09-28,2015-10-05,1,26.2,24.992559924207054,1.2074400757929453,1.4579115366308735,0.04717248278189706,False,False,False,False
event_random_forest,2015-09-28,2015-10-12,2,26.2,24.992559924207054,1.2074400757929453,1.4579115366308735,0.04717248278189706,False,False,False,False
event_random_forest,2015-09-28,2015-10-19,3,26.2,24.992559924207054,1.2074400757929453,1.4579115366308735,0.04717248278189706,False,False,False,False
event_random_forest,2015-09-28,2015-10-26,4,26.2,24.992559924207054,1.2074400757929453,1.4579115366308735,0.04717248278189706,False,False,False,True
event_random_forest,2015-12-21,2015-12-28,1,25.5,25.602890060189203,0.10289006018920333,0.010586364485737883,0.004026780484157314,False,False,False,True
event_random_forest,2015-12-21,2016-01-04,2,26.925,25.288959515341887,1.636040484658114,2.6766284674403567,0.06266678489216665,True,False,False,False
event_random_forest,2015-12-21,2016-01-11,3,26.925,25.288959515341887,1.636040484658114,2.6766284674403567,0.06266678489216665,True,False,False,False
event_random_forest,2015-12-21,2016-01-18,4,26.925,25.288959515341887,1.636040484658114,2.6766284674403567,0.06266678489216665,True,False,False,False
event_random_forest,2016-03-14,2016-03-21,1,28.7,25.079112147574804,3.620887852425195,13.110828839840341,0.13465777726077544,False,False,False,False
event_random_forest,2016-03-14,2016-03-28,2,28.7,23.851315119267557,4.848684880732442,23.509745072643376,0.18453143826098872,False,False,False,False
event_random_forest,2016-03-14,2016-04-04,3,29.3,23.06123225628803,6.238767743711971,38.922222959980964,0.2382972086361761,False,False,False,False
event_random_forest,2016-03-14,2016-04-11,4,29.3,22.893943661318183,6.406056338681818,41.0375578143655,0.2454712516168597,False,False,False,False
event_random_forest,2016-06-06,2016-06-13,1,28.85,27.83889593280773,1.0111040671922709,1.0223314346927521,0.03567203243438409,False,False,True,False
event_random_forest,2016-06-06,2016-06-20,2,28.85,27.795553451122753,1.054446548877248,1.1118575244391387,0.037229631794032665,False,False,True,False
event_random_forest,2016-06-06,2016-06-27,3,28.85,27.78589650667831,1.0641034933216922,1.1323162444994286,0.03757699829810999,False,False,True,False
event_random_forest,2016-06-06,2016-07-04,4,28.75,27.009969743768014,1.7400302562319858,3.02770529260275,0.06241144908176567,False,False,False,False
event_random_forest,2016-08-29,2016-09-05,1,29.025,22.455018036826157,6.569981963173841,43.164662996429605,0.25524396508462815,False,True,False,False
event_random_forest,2016-08-29,2016-09-12,2,29.025,22.473355516013633,6.551644483986365,42.924045444548966,0.25444092023284526,False,True,False,False
event_random_forest,2016-08-29,2016-09-19,3,29.025,22.473355516013633,6.551644483986365,42.924045444548966,0.25444092023284526,False,True,False,False
event_random_forest,2016-08-29,2016-09-26,4,29.025,22.473355516013637,6.551644483986362,42.924045444548916,0.2544409202328451,False,True,False,False
event_random_forest,2016-11-21,2016-11-28,1,27.775,26.919293545867383,0.8557064541326156,0.7322335356442141,0.03129052040557059,False,False,False,True
event_random_forest,2016-11-21,2016-12-05,2,26.7,25.87571026527058,0.8242897347294189,0.6794535667802958,0.031356294782151975,False,False,False,True
event_random_forest,2016-11-21,2016-12-12,3,26.7,25.519323760945646,1.1806762390543533,1.3939963814675322,0.04521989769378708,False,False,False,True
event_random_forest,2016-11-21,2016-12-19,4,26.7,25.6380779117295,1.0619220882704994,1.1276785215567784,0.040579330790919695,False,False,False,True
event_random_forest,2017-02-13,2017-02-20,1,24.35,23.96915304086505,0.3808469591349528,0.14504440628234042,0.015763809386843283,False,False,False,False
event_random_forest,2017-02-13,2017-02-27,2,24.35,23.588574411949025,0.7614255880509759,0.5797689261387745,0.03176671802994564,False,False,False,False
event_random_forest,2017-02-13,2017-03-06,3,25.475,23.50188669426101,1.9731133057389911,3.8931761172842494,0.0805732433772764,False,False,False,False
event_random_forest,2017-02-13,2017-03-13,4,25.475,23.50188669426101,1.9731133057389911,3.8931761172842494,0.0805732433772764,False,False,False,False
event_random_forest,2017-05-08,2017-05-15,1,19.4,20.452883003378208,1.0528830033782093,1.1085626188027182,0.05283848615363458,False,False,True,False
event_random_forest,2017-05-08,2017-05-22,2,19.4,21.936943140040153,2.5369431400401545,6.436080495796799,0.12274459344734655,False,False,True,False
event_random_forest,2017-05-08,2017-05-29,3,19.4,23.20393333566337,3.8039333356633698,14.469908822171051,0.17857193164271204,False,False,True,False
event_random_forest,2017-05-08,2017-06-05,4,25.825,24.45575704857046,1.3692429514295377,1.8748262600394712,0.05446389560550448,False,False,True,False
event_random_forest,2017-07-31,2017-08-07,1,26.7,22.13384273294515,4.566157267054848,20.8497921874778,0.18700790318818578,False,False,False,False
event_random_forest,2017-07-31,2017-08-14,2,26.7,22.839315625201674,3.860684374798325,14.904883841811932,0.15586345213191904,False,True,False,False
event_random_forest,2017-07-31,2017-08-21,3,26.7,23.451613087317448,3.2483869126825518,10.55201753448728,0.12954266922688545,False,True,False,False
event_random_forest,2017-07-31,2017-08-28,4,26.7,23.516996818600784,3.183003181399215,10.131509252797525,0.12676995372292774,False,True,False,False
event_random_forest,2017-10-23,2017-10-30,1,20.06,20.86306241559058,0.8030624155905812,0.6449092433341794,0.03924742520171883,False,False,False,True
event_random_forest,2017-10-23,2017-11-06,2,28.0,21.79968058703551,6.20031941296449,38.44396082278431,0.2490104088972264,False,False,False,True
event_random_forest,2017-10-23,2017-11-13,3,28.0,22.484972072112473,5.515027927887527,30.415533045379387,0.21848196409853965,False,False,False,True
event_random_forest,2017-10-23,2017-11-20,4,28.0,23.546039731484257,4.453960268515743,19.83776207351683,0.17281483860709748,False,False,False,True
event_random_forest,2018-01-15,2018-01-22,1,20.96,21.705697219676544,0.7456972196765435,0.5560643434333271,0.034955351407342905,True,False,False,False
event_random_forest,2018-01-15,2018-01-29,2,20.96,22.347716702107732,1.3877167021077312,1.9257576453087577,0.06408634801290242,True,False,False,False
event_random_forest,2018-01-15,2018-02-05,3,25.65,22.638453394692178,3.011546605307821,9.06941295594106,0.1247315411281674,False,False,False,False
event_random_forest,2018-01-15,2018-02-12,4,25.65,23.156220175621296,2.493779824378702,6.218937812478271,0.10219106562258821,False,False,False,False
event_random_forest,2018-04-09,2018-04-16,1,18.5,20.293982261432237,1.7939822614322374,3.2183723543335243,0.09248765694342025,False,False,False,False
event_random_forest,2018-04-09,2018-04-23,2,18.5,21.48977001335267,2.9897700133526683,8.938724732742815,0.14952674208200636,False,False,False,False
event_random_forest,2018-04-09,2018-04-30,3,18.5,22.283837254110264,3.7838372541102636,14.3174243655927,0.18555572544753238,False,False,True,False
event_random_forest,2018-04-09,2018-05-07,4,23.8,22.78938529180514,1.0106147081948613,1.0213420884197848,0.043383903945718026,False,False,True,False
event_random_forest,2018-07-02,2018-07-09,1,18.22,21.226594154689742,3.0065941546897434,9.039608411014534,0.1524387196977965,False,False,False,False
event_random_forest,2018-07-02,2018-07-16,2,18.22,22.194060534345823,3.974060534345824,15.793157130645017,0.1966672233278057,False,False,False,False
event_random_forest,2018-07-02,2018-07-23,3,18.22,22.574654376960915,4.354654376960916,18.96301474278486,0.21349142153390763,False,False,False,False
event_random_forest,2018-07-02,2018-07-30,4,18.22,22.600941993170238,4.380941993170239,19.19265274752243,0.21464188621140667,False,False,False,False
event_random_forest,2018-09-24,2018-10-01,1,20.56,22.87498493316761,2.3149849331676116,5.359155240793051,0.10659540629424066,False,False,False,False
event_random_forest,2018-09-24,2018-10-08,2,20.56,22.820920888246025,2.2609208882460265,5.111763262907202,0.10423572584226162,False,False,False,False
event_random_forest,2018-09-24,2018-10-15,3,20.56,22.89815546274559,2.33815546274559,5.466970967967043,0.10760491041779115,False,False,False,False
event_random_forest,2018-09-24,2018-10-22,4,20.56,22.914731119311245,2.3547311193112463,5.544758644252795,0.10832642588859105,False,False,False,False
event_random_forest,2018-12-17,2018-12-24,1,20.46,21.29001291597835,0.8300129159783509,0.688921440690885,0.039761085470739706,False,False,False,True
event_random_forest,2018-12-17,2018-12-31,2,20.46,21.681845665017313,1.2218456650173124,1.4929068291215983,0.057987287729620626,False,False,False,True
event_random_forest,2018-12-17,2019-01-07,3,24.925,21.881916464450725,3.0430835355492754,9.260357404331078,0.13002708853339912,True,False,False,False
event_random_forest,2018-12-17,2019-01-14,4,24.925,22.188376346574316,2.736623653425685,7.489109020488943,0.11617183337889428,True,False,False,False
event_random_forest,2019-03-11,2019-03-18,1,24.175,24.29275512980356,0.11775512980355884,0.013866270595052993,0.004859112186574097,False,False,False,False
event_random_forest,2019-03-11,2019-03-25,2,24.175,24.250318192874744,0.07531819287474306,0.0056728301779169965,0.0031106948053394646,False,False,False,False
event_random_forest,2019-03-11,2019-04-01,3,22.78,23.735705997961645,0.955705997961644,0.9133739545398619,0.041091755030162234,False,False,False,False
event_random_forest,2019-03-11,2019-04-08,4,22.78,23.674423194347774,0.8944231943477732,0.7999928505872744,0.03850755785324657,False,False,False,False
event_random_forest,2019-06-03,2019-06-10,1,25.65,24.930292492532057,0.7197075074679411,0.5179788963057165,0.028458020782469878,False,False,True,False
event_random_forest,2019-06-03,2019-06-17,2,25.65,24.41625693912678,1.2337430608732198,1.5221219402528214,0.04928441374689825,False,False,True,False
event_random_forest,2019-06-03,2019-06-24,3,25.65,24.25100952614487,1.3989904738551289,1.957174345937398,0.056070628115134594,False,False,True,False
event_random_forest,2019-06-03,2019-07-01,4,22.1,23.285452685621863,1.1854526856218612,1.4052980698480835,0.05223932407740039,False,False,False,False
event_random_forest,2019-08-26,2019-09-02,1,21.54,26.163137865213777,4.623137865213778,21.373403720773407,0.1938295077475428,False,True,False,False
event_random_forest,2019-08-26,2019-09-09,2,21.54,25.38138246279185,3.8413824627918522,14.756219225444797,0.16373696857026865,False,True,False,False
event_random_forest,2019-08-26,2019-09-16,3,21.54,25.11671359810857,3.5767135981085723,12.79288016289477,0.15332042581985758,False,True,False,False
event_random_forest,2019-08-26,2019-09-23,4,21.54,24.092359317226755,2.552359317226756,6.514538084234232,0.11186620001316522,False,True,False,False
event_random_forest,2019-11-18,2019-11-25,1,23.875,23.51954945189821,0.3554505481017891,0.1263450921458623,0.014999638237411406,False,False,False,True
event_random_forest,2019-11-18,2019-12-02,2,20.72,23.07304349410551,2.35304349410551,5.536813685152267,0.1074619759835704,False,False,False,True
event_random_forest,2019-11-18,2019-12-09,3,20.72,23.065794435895203,2.345794435895204,5.502751535476898,0.10714865248497778,False,False,False,True
event_random_forest,2019-11-18,2019-12-16,4,20.72,23.065794435895203,2.345794435895204,5.502751535476898,0.10714865248497778,False,False,False,True
event_random_forest,2020-02-10,2020-02-17,1,25.45,24.963356454098932,0.4866435459010674,0.23682194076716429,0.019306135521611364,False,False,False,False
event_random_forest,2020-02-10,2020-02-24,2,25.45,24.721185288211238,0.7288147117887611,0.5311708841197349,0.02905311914008184,False,False,False,False
event_random_forest,2020-02-10,2020-03-02,3,15.48,24.464117303316254,8.984117303316253,80.7143637197465,0.4498343140290333,False,False,False,False
event_random_forest,2020-02-10,2020-03-09,4,15.48,24.404587535265673,8.924587535265672,79.64826267461942,0.44752061318796965,False,False,False,False
event_random_forest,2020-05-04,2020-05-11,1,10.175,10.777978701129816,0.6029787011298158,0.3635833140161997,0.057555415841405146,False,False,True,False
event_random_forest,2020-05-04,2020-05-18,2,10.175,12.041651668486738,1.8666516684867371,3.4843884514643197,0.1680407737710083,False,False,True,False
event_random_forest,2020-05-04,2020-05-25,3,10.175,13.457393530879266,3.282393530879265,10.774107291558048,0.2777876499551622,False,False,True,False
event_random_forest,2020-05-04,2020-06-01,4,10.08,14.144561653215806,4.064561653215806,16.52066143279241,0.3355735976899492,False,False,True,False
event_random_forest,2020-07-27,2020-08-03,1,15.6,19.463723321158984,3.863723321158984,14.92835790246781,0.22038294597353525,False,False,False,False
event_random_forest,2020-07-27,2020-08-10,2,15.6,20.863207028215815,5.263207028215815,27.70134822186035,0.2886859087377071,False,True,False,False
event_random_forest,2020-07-27,2020-08-17,3,15.6,22.638177548027947,7.038177548027948,49.53594319756469,0.3681230644001195,False,True,False,False
event_random_forest,2020-07-27,2020-08-24,4,15.6,24.275645587786403,8.675645587786404,75.2668263648777,0.43513505348456033,False,True,False,False
event_random_forest,2020-10-19,2020-10-26,1,16.45,16.533837477791828,0.08383747779182826,0.0070287226824952975,0.005083549047212984,False,False,False,True
event_random_forest,2020-10-19,2020-11-02,2,16.380000000000003,16.566064708662807,0.1860647086628049,0.03462007580977446,0.01129510976853519,False,False,False,True
event_random_forest,2020-10-19,2020-11-09,3,16.380000000000003,16.67597210477296,0.2959721047729573,0.08759948680373443,0.017907330260012035,False,False,False,True
event_random_forest,2020-10-19,2020-11-16,4,16.380000000000003,16.76049264259162,0.38049264259161575,0.14477465106635104,0.022962401114255782,False,False,False,True
event_random_forest,2021-01-11,2021-01-18,1,14.95,14.941991861367105,0.008008138632893846,6.413028436364693e-05,0.0005358049520442762,True,False,False,False
event_random_forest,2021-01-11,2021-01-25,2,14.95,14.947037694700441,0.00296230529955821,8.775252687790656e-06,0.00019816714483945742,True,False,False,False
event_random_forest,2021-01-11,2021-02-01,3,12.775,14.944124599462349,2.1691245994623483,4.705101527992693,0.1565074388752105,False,False,False,False
event_random_forest,2021-01-11,2021-02-08,4,12.775,14.939334094411842,2.164334094411842,4.6843420722335285,0.156188785704813,False,False,False,False
event_random_forest,2021-04-05,2021-04-12,1,11.375,12.534772264095125,1.1597722640951247,1.3450717045643317,0.09701240574647663,False,False,False,False
event_random_forest,2021-04-05,2021-04-19,2,11.375,13.172917768914623,1.7979177689146226,3.232508303778934,0.1464823033741258,False,False,False,False
event_random_forest,2021-04-05,2021-04-26,3,11.375,13.575709094593627,2.200709094593627,4.843120519027101,0.17640453313372817,False,False,True,False
event_random_forest,2021-04-05,2021-05-03,4,18.419999999999998,13.79305802795924,4.626941972040758,21.408592012632415,0.28727120337502987,False,False,True,False
event_random_forest,2021-06-28,2021-07-05,1,22.825,24.626653798095525,1.8016537980955256,3.245956408192033,0.07593639647467187,False,False,False,False
event_random_forest,2021-06-28,2021-07-12,2,22.825,22.257682048354706,0.5673179516452933,0.32184965825901135,0.02516788823862788,False,False,False,False
event_random_forest,2021-06-28,2021-07-19,3,22.825,21.995883673371843,0.8291163266281565,0.6874338830813679,0.036996875504296936,False,False,False,False
event_random_forest,2021-06-28,2021-07-26,4,22.825,21.988135836685274,0.8368641633147256,0.7003416278404557,0.03734905615016771,False,False,False,False
event_random_forest,2021-09-20,2021-09-27,1,23.5,22.505069045099418,0.9949309549005818,0.9898876050193836,0.04325310125826513,False,True,False,False
event_random_forest,2021-09-20,2021-10-04,2,21.775,22.103097162096795,0.32809716209679607,0.10764774777597128,0.014954940314969545,False,False,False,False
event_random_forest,2021-09-20,2021-10-11,3,21.775,22.085253785658416,0.31025378565841777,0.09625741151537943,0.014147377585848156,False,False,False,False
event_random_forest,2021-09-20,2021-10-18,4,21.775,22.08063374662338,0.30563374662338205,0.0934119870750457,0.013938174893979909,False,False,False,False
event_random_forest,2021-12-13,2021-12-20,1,24.725,23.02216582838479,1.702834171615212,2.8996442160204654,0.0713271308180101,False,False,False,True
event_random_forest,2021-12-13,2021-12-27,2,24.725,22.84782617737475,1.8771738226252523,3.5237815603495024,0.07891790223377651,False,False,False,True
event_random_forest,2021-12-13,2022-01-03,3,20.66,22.122366393590646,1.4623663935906457,2.1385154691033113,0.06836304378944906,True,False,False,False
event_random_forest,2021-12-13,2022-01-10,4,20.66,21.927730979523503,1.2677309795235026,1.6071418364436192,0.05953503276016452,True,False,False,False
event_random_forest,2022-03-07,2022-03-14,1,24.55,23.01871763346252,1.5312823665374822,2.344825686068632,0.06438190654356811,False,False,False,False
event_random_forest,2022-03-07,2022-03-21,2,24.55,22.341081573131255,2.2089184268687454,4.8793206165602925,0.09421486358439908,False,False,False,False
event_random_forest,2022-03-07,2022-03-28,3,24.55,22.181088429006863,2.368911570993138,5.611742031185177,0.10138482327848843,False,False,False,False
event_random_forest,2022-03-07,2022-04-04,4,25.525,22.100061554299327,3.424938445700672,11.730203356838535,0.14382925014367726,False,False,False,False
event_random_forest,2022-05-30,2022-06-06,1,22.225,21.266177490740468,0.9588225092595337,0.9193406042627487,0.044092736255010465,False,False,True,False
event_random_forest,2022-05-30,2022-06-13,2,22.225,22.069177332309085,0.15582266769091646,0.02428070376631378,0.007035808184081847,False,False,True,False
event_random_forest,2022-05-30,2022-06-20,3,22.225,24.31309383676502,2.088093836765019,4.360135871136057,0.08973697307367703,False,False,True,False
event_random_forest,2022-05-30,2022-06-27,4,22.225,24.587539673873962,2.362539673873961,5.581593710628482,0.10093618890719967,False,False,True,False
event_random_forest,2022-08-22,2022-08-29,1,19.8,20.443769266854943,0.6437692668549424,0.41443886894695003,0.03199348761723249,False,True,False,False
event_random_forest,2022-08-22,2022-09-05,2,23.875,21.22589185288976,2.6491081471102405,7.017773975085851,0.11747475663013983,False,True,False,False
event_random_forest,2022-08-22,2022-09-12,3,23.875,21.759945677886922,2.115054322113078,4.473454785489213,0.0926945037709537,False,True,False,False
event_random_forest,2022-08-22,2022-09-19,4,23.875,21.75591265058771,2.1190873494122897,4.490531194439203,0.09287946378100753,False,True,False,False
event_random_forest,2022-11-14,2022-11-21,1,22.0,21.873735035654864,0.12626496434513612,0.015942841221078495,0.005755833837375568,False,False,False,True
event_random_forest,2022-11-14,2022-11-28,2,22.0,21.545590377306873,0.45440962269312735,0.20648810519611036,0.020870522996970828,False,False,False,True
event_random_forest,2022-11-14,2022-12-05,3,23.25,21.73100888058908,1.51899111941092,2.3073340208492397,0.06753921964904701,False,False,False,True
event_random_forest,2022-11-14,2022-12-12,4,23.25,21.71857185971235,1.5314281402876517,2.3452721488648955,0.06811104186564879,False,False,False,True
event_random_forest,2023-02-06,2023-02-13,1,24.125,24.05965734376248,0.06534265623751878,0.004269662724174552,0.0027121768562696816,False,False,False,False
event_random_forest,2023-02-06,2023-02-20,2,24.125,24.051796309981448,0.07320369001855198,0.005358780232332247,0.0030389604799597424,False,False,False,False
event_random_forest,2023-02-06,2023-02-27,3,24.125,24.057744130289795,0.06725586971020547,0.004523352010476134,0.0027916994319933503,False,False,False,False
event_random_forest,2023-02-06,2023-03-06,4,23.0,23.632808238604287,0.6328082386042873,0.40044626684546053,0.027140044209493962,False,False,False,False
event_random_forest,2023-05-01,2023-05-08,1,18.72,20.405161474202544,1.6851614742025447,2.8397691941364935,0.08614208405573831,False,False,True,False
event_random_forest,2023-05-01,2023-05-15,2,18.72,20.769593142231003,2.0495931422310036,4.200832048680359,0.10380421671344725,False,False,True,False
event_random_forest,2023-05-01,2023-05-22,3,18.72,20.928735744427282,2.2087357444272833,4.878513588710745,0.11141519157960672,False,False,True,False
event_random_forest,2023-05-01,2023-05-29,4,18.72,21.169463744658973,2.449463744658974,5.999872636398765,0.12281256826807792,False,False,True,False
event_random_forest,2023-07-24,2023-07-31,1,18.2,19.00557417204707,0.8055741720470699,0.6489497466693223,0.0433039505490178,False,False,False,False
event_random_forest,2023-07-24,2023-08-07,2,22.7,20.116198118842092,2.583801881157907,6.676032161075138,0.12069272820469573,False,False,False,False
event_random_forest,2023-07-24,2023-08-14,3,22.7,20.40662576223284,2.2933742377671607,5.259565394454105,0.10640472072283899,False,True,False,False
event_random_forest,2023-07-24,2023-08-21,4,22.7,20.695139592811017,2.004860407188982,4.019465252313971,0.09240022850490444,False,True,False,False
event_random_forest,2023-10-16,2023-10-23,1,17.240000000000002,18.501603255825046,1.2616032558250438,1.591642775108351,0.07059578423468914,False,False,False,False
event_random_forest,2023-10-16,2023-10-30,2,17.240000000000002,20.015348004068994,2.7753480040689915,7.7025565436897345,0.14899058270860177,False,False,False,True
event_random_forest,2023-10-16,2023-11-06,3,33.725,21.214865634530664,12.510134365469337,156.5034618420969,0.4554119024858517,False,False,False,True
event_random_forest,2023-10-16,2023-11-13,4,33.725,21.88672975142698,11.838270248573021,140.14464247824915,0.4257472407885049,False,False,False,True
event_random_forest,2024-01-08,2024-01-15,1,26.660000000000004,24.9337403446875,1.7262596553125036,2.9799723975596435,0.06691740679313835,True,False,False,False
event_random_forest,2024-01-08,2024-01-22,2,26.660000000000004,23.737165475084215,2.922834524915789,8.542961660039706,0.11599202047824712,True,False,False,False
event_random_forest,2024-01-08,2024-01-29,3,26.660000000000004,22.437592450369618,4.222407549630386,17.82872551517568,0.17200059468898046,True,False,False,False
event_random_forest,2024-01-08,2024-02-05,4,31.75,22.34045355721127,9.40954644278873,88.53956425899806,0.34791893297164866,False,False,False,False
event_random_forest,2024-04-01,2024-04-08,1,26.139999999999997,24.92114208375775,1.2188579162422464,1.4856146199863909,0.04774111453452813,False,False,False,False
event_random_forest,2024-04-01,2024-04-15,2,26.139999999999997,23.529058346941525,2.6109416530584717,6.817016315675705,0.10513352738926027,False,False,False,False
event_random_forest,2024-04-01,2024-04-22,3,26.139999999999997,23.07274960696982,3.0672503930301787,9.408024973543785,0.12465267303803629,False,False,False,False
event_random_forest,2024-04-01,2024-04-29,4,26.139999999999997,22.507310133274952,3.6326898667250447,13.196435667806822,0.14934802589384158,False,False,True,False
event_random_forest,2024-06-24,2024-07-01,1,28.0,34.56259638549101,6.5625963854910125,43.0676713188597,0.20979296783190904,False,False,False,False
event_random_forest,2024-06-24,2024-07-08,2,28.0,34.56259638549101,6.5625963854910125,43.0676713188597,0.20979296783190904,False,False,False,False
event_random_forest,2024-06-24,2024-07-15,3,28.0,34.56259638549101,6.5625963854910125,43.0676713188597,0.20979296783190904,False,False,False,False
event_random_forest,2024-06-24,2024-07-22,4,28.0,34.56259638549101,6.5625963854910125,43.0676713188597,0.20979296783190904,False,False,False,False
event_random_forest,2024-09-16,2024-09-23,1,31.02,30.995116098483503,0.02488390151649611,0.0006192085546826774,0.000802510841936636,False,True,False,False
event_random_forest,2024-09-16,2024-09-30,2,31.02,30.804344553361954,0.2156554466380456,0.04650727166465493,0.0069763924937985755,False,True,False,False
event_random_forest,2024-09-16,2024-10-07,3,36.775,30.798496106392257,5.976503893607742,35.7185987903085,0.17688899459036223,False,False,False,False
event_random_forest,2024-09-16,2024-10-14,4,36.775,30.80623499528115,5.968765004718847,35.62615568155638,0.17663971382398133,False,False,False,False
event_random_forest,2024-12-09,2024-12-16,1,27.2,28.694339220377937,1.4943392203779382,2.2330497055597442,0.05347014532137568,False,False,False,True
event_random_forest,2024-12-09,2024-12-23,2,27.2,28.999751586290902,1.7997515862909026,3.2391057723566203,0.06404838226117446,False,False,False,True
event_random_forest,2024-12-09,2024-12-30,3,27.2,29.126297783783976,1.9262977837839763,3.710623151811059,0.06839781272961798,False,False,False,True
event_random_forest,2024-12-09,2025-01-06,4,34.475,29.1223293584593,5.352670641540701,28.65108299681174,0.16833004453287545,True,False,False,False
event_random_forest,2025-03-03,2025-03-10,1,30.98,32.32596742211354,1.3459674221135423,1.8116283013909744,0.04252260811808966,False,False,False,False
event_random_forest,2025-03-03,2025-03-17,2,30.98,32.52587467436293,1.5458746743629312,2.389728508836699,0.04868446210022818,False,False,False,False
event_random_forest,2025-03-03,2025-03-24,3,30.98,32.566822705868475,1.5868227058684745,2.518006299859747,0.04994184251235375,False,False,False,False
event_random_forest,2025-03-03,2025-03-31,4,30.98,32.54245026183103,1.562450261831028,2.4412508206958483,0.04919363958382643,False,False,False,False
event_random_forest,2025-05-26,2025-06-02,1,26.860000000000003,33.77791027560883,6.917910275608829,47.85748258137423,0.2281711307057199,False,False,True,False
event_random_forest,2025-05-26,2025-06-09,2,26.860000000000003,33.73136387261368,6.871363872613674,47.215641469860394,0.22681000833913956,False,False,True,False
event_random_forest,2025-05-26,2025-06-16,3,26.860000000000003,33.72850755948237,6.868507559482364,47.17639609466637,0.22672641516179456,False,False,True,False
event_random_forest,2025-05-26,2025-06-23,4,26.860000000000003,33.70362203038184,6.843622030381834,46.83516249472758,0.22599777889600856,False,False,True,False
event_random_forest,2025-08-18,2025-08-25,1,34.35,33.71016689116402,0.6398331088359797,0.40938640716271457,0.018801984716233386,False,True,False,False
event_random_forest,2025-08-18,2025-09-01,2,30.580000000000002,32.90876581281191,2.3287658128119055,5.423150210921495,0.07335993330467185,False,True,False,False
event_random_forest,2025-08-18,2025-09-08,3,30.580000000000002,32.317638324952554,1.7376383249525524,3.019386948343912,0.05525289569618712,False,True,False,False
event_random_forest,2025-08-18,2025-09-15,4,30.580000000000002,32.196005346163055,1.6160053461630532,2.6114732788275696,0.05148480975340765,False,True,False,False
