model,origin_time,start_forecast_time,end_forecast_time,n_points,MAE,RMSE,sMAPE
time_regression,1992-12-21,1992-12-28,1993-01-18,4,1.5439558868264038,1.5450135802331255,12.313055258218455
time_regression,1993-01-18,1993-01-25,1993-02-15,4,1.2758416002290716,1.282872495482417,10.112581009385034
time_regression,1993-02-15,1993-02-22,1993-03-15,4,1.544184250869526,1.5528645038325546,13.359305973536529
time_regression,1993-03-15,1993-03-22,1993-04-12,4,1.2876470567358629,1.3002630901329861,10.89406094515837
time_regression,1993-04-12,1993-04-19,1993-05-10,4,1.3989945416169376,1.4049197594371141,11.745332991607786
time_regression,1993-05-10,1993-05-17,1993-06-07,4,1.3824475220237797,1.383819000399918,11.858752798041522
time_regression,1993-06-07,1993-06-14,1993-07-05,4,1.5075791449647,1.5102271521375372,11.807107406048233
time_regression,1993-07-05,1993-07-12,1993-08-02,4,1.4653024669878163,1.4673590541076271,11.765861147144829
time_regression,1993-08-02,1993-08-09,1993-08-30,4,1.2867112944423642,1.290170535723795,11.221359157712582
time_regression,1993-08-30,1993-09-06,1993-09-27,4,1.3463691105565951,1.3498233224204215,10.582021257527288
time_regression,1993-09-27,1993-10-04,1993-10-25,4,1.3536829734403346,1.3578549604929637,10.580805856463657
time_regression,1993-10-25,1993-11-01,1993-11-22,4,1.5979360883318532,1.6017937787259429,14.063170564102803
time_regression,1993-11-22,1993-11-29,1993-12-20,4,1.5719806048770484,1.5781244616176553,12.519940553632194
time_regression,1993-12-20,1993-12-27,1994-01-17,4,1.4545134057847235,1.4637191191327446,12.150822185389252
time_regression,1994-01-17,1994-01-24,1994-02-14,4,1.0719939051866336,1.0764088813041104,8.89966649184886
time_regression,1994-02-14,1994-02-21,1994-03-14,4,1.3536182283431235,1.3623454325956843,10.553931658665205
time_regression,1994-03-14,1994-03-21,1994-04-11,4,1.4497804532810141,1.4642619286273595,11.239237256502824
time_regression,1994-04-11,1994-04-18,1994-05-09,4,1.418181752709133,1.4190242132278759,11.650431783049642
time_regression,1994-05-09,1994-05-16,1994-06-06,4,1.2704247469353107,1.272413172781897,10.72899339236922
time_regression,1994-06-06,1994-06-13,1994-07-04,4,1.402922694944659,1.4051714556609987,10.8850195349354
time_regression,1994-07-04,1994-07-11,1994-08-01,4,1.4490904351090776,1.450743075251104,11.506381414006533
time_regression,1994-08-01,1994-08-08,1994-08-29,4,1.281462546575419,1.2858983825841475,11.023401240159378
time_regression,1994-08-29,1994-09-05,1994-09-26,4,1.5839374113475815,1.5876821169060884,12.180332189622014
time_regression,1994-09-26,1994-10-03,1994-10-24,4,1.303064230298082,1.3083753948393337,11.198023858975372
time_regression,1994-10-24,1994-10-31,1994-11-21,4,1.1200690877551471,1.122612894599324,8.95848763153109
time_regression,1994-11-21,1994-11-28,1994-12-19,4,1.2380157029444425,1.240004479293882,9.585561950809147
time_regression,1994-12-19,1994-12-26,1995-01-16,4,1.8280145698897705,1.8575405507846163,15.648050830485865
time_regression,1995-01-16,1995-01-23,1995-02-13,4,1.522823097039384,1.547496003240157,12.726651824014793
time_regression,1995-02-13,1995-02-20,1995-03-13,4,1.330750570828262,1.3350757284039403,10.2994157273561
time_regression,1995-03-13,1995-03-20,1995-04-10,4,1.2466401908466382,1.250039313672173,9.655245627637957
time_regression,1995-04-10,1995-04-17,1995-05-08,4,1.3920581210500678,1.3974512975554785,11.431886458725637
time_regression,1995-05-08,1995-05-15,1995-06-05,4,1.3795480689317374,1.3805771017350887,11.584067048927562
time_regression,1995-06-05,1995-06-12,1995-07-03,4,1.5215096217616306,1.5227870256135965,12.074113446416115
time_regression,1995-07-03,1995-07-10,1995-07-31,4,1.5164394977091087,1.5184961081979025,13.11782877341973
time_regression,1995-07-31,1995-08-07,1995-08-28,4,1.2938333222975404,1.2965134693444682,10.010107231172757
time_regression,1995-08-28,1995-09-04,1995-09-25,4,1.5853935953732252,1.5874583991800382,12.074484157659725
time_regression,1995-09-25,1995-10-02,1995-10-23,4,1.2981172698235297,1.3011049907568064,11.046036485685384
time_regression,1995-10-23,1995-10-30,1995-11-20,4,1.5388232195110816,1.554154024071925,11.914766616518403
time_regression,1995-11-20,1995-11-27,1995-12-18,4,1.8185038598744665,1.8198254857559315,13.636853310213882
time_regression,1995-12-18,1995-12-25,1996-01-15,4,1.7426596677877249,1.7433384536538021,14.385550635329981
time_regression,1996-01-15,1996-01-22,1996-02-12,4,1.6175756759014952,1.617846070780948,12.981855888572914
time_regression,1996-02-12,1996-02-19,1996-03-11,4,1.5849125729558375,1.592322945357424,11.940615095986768
time_regression,1996-03-11,1996-03-18,1996-04-08,4,1.0826299166384854,1.1539488890721754,8.404920709697603
time_regression,1996-04-08,1996-04-15,1996-05-06,4,0.8723819625302576,0.9793430863213154,6.846245985133823
time_regression,1996-05-06,1996-05-13,1996-06-03,4,1.7660221778332383,1.7666365545222045,13.161777155701046
time_regression,1996-06-03,1996-06-10,1996-07-01,4,1.6570245172874665,1.7007562106195655,12.462707163275635
time_regression,1996-07-01,1996-07-08,1996-07-29,4,0.9378263878036077,0.9401909063629043,7.705298846076688
time_regression,1996-07-29,1996-08-05,1996-08-26,4,1.9755685474175766,1.976775623257229,14.514582999596444
time_regression,1996-08-26,1996-09-02,1996-09-23,4,0.8024038794570987,0.8050925578622687,6.521590911256337
time_regression,1996-09-23,1996-09-30,1996-10-21,4,1.7998109129558877,1.9061230176324389,13.210567109548073
time_regression,1996-10-21,1996-10-28,1996-11-18,4,2.6620563408680926,2.6741482077746834,18.928595926155392
time_regression,1996-11-18,1996-11-25,1996-12-16,4,1.278783378367916,1.551339001129797,9.604471463579731
time_regression,1996-12-16,1996-12-23,1997-01-13,4,1.3298088713931855,1.4619847979343514,9.928430192847495
time_regression,1997-01-13,1997-01-20,1997-02-10,4,2.01358428715381,2.014553004783982,14.51784067777958
time_regression,1997-02-10,1997-02-17,1997-03-10,4,1.5063162494848177,1.6060409528805653,11.179438254841278
time_regression,1997-03-10,1997-03-17,1997-04-07,4,1.191392589076306,1.3084593285963195,9.023326527120409
time_regression,1997-04-07,1997-04-14,1997-05-05,4,2.175470779088627,2.1799359746471256,15.435757075536678
time_regression,1997-05-05,1997-05-12,1997-06-02,4,1.7128207595101843,1.7833248285034393,12.346165675174914
time_regression,1997-06-02,1997-06-09,1997-06-30,4,0.8149006351501855,0.8174673726233859,6.401450509845207
time_regression,1997-06-30,1997-07-07,1997-07-28,4,2.368835778138978,2.3696566709330575,16.54828115438042
time_regression,1997-07-28,1997-08-04,1997-08-25,4,2.154843191232577,2.1556030612440447,15.098648912312147
time_regression,1997-08-25,1997-09-01,1997-09-22,4,0.8963135136988147,0.897928818485356,6.986230313293749
time_regression,1997-09-22,1997-09-29,1997-10-20,4,2.0356319697384593,2.1516452278295675,14.2244775076547
time_regression,1997-10-20,1997-10-27,1997-11-17,4,2.4778147544054208,2.4781347523477826,17.0391351656405
time_regression,1997-11-17,1997-11-24,1997-12-15,4,1.4292298193277908,1.5491175615840156,10.560662898116654
time_regression,1997-12-15,1997-12-22,1998-01-12,4,1.6290531871005376,1.7357038564022709,11.696178300389867
time_regression,1998-01-12,1998-01-19,1998-02-09,4,2.063470426571955,2.071089234196149,14.270505774507003
time_regression,1998-02-09,1998-02-16,1998-03-09,4,1.5887169811464625,1.6135374341600492,11.540471510503558
time_regression,1998-03-09,1998-03-16,1998-04-06,4,1.3340045674336536,1.3431736961093805,10.006726602224413
time_regression,1998-04-06,1998-04-13,1998-05-04,4,1.7521627532174064,1.7536906675683699,12.129854991094048
time_regression,1998-05-04,1998-05-11,1998-06-01,4,1.8713735669937392,1.8737533864522975,13.2407535945987
time_regression,1998-06-01,1998-06-08,1998-06-29,4,1.6771092619103736,1.678143788603012,13.062085668399185
time_regression,1998-06-29,1998-07-06,1998-07-27,4,1.7366310003687362,1.737496797185774,11.951405984498644
time_regression,1998-07-27,1998-08-03,1998-08-24,4,1.3144408439716955,1.3154441099397405,10.066039497122551
time_regression,1998-08-24,1998-08-31,1998-09-21,4,1.4758662374276827,1.482748033721531,10.423031814179687
time_regression,1998-09-21,1998-09-28,1998-10-19,4,1.4820568798886833,1.4843571400969893,10.237359159139839
time_regression,1998-10-19,1998-10-26,1998-11-16,4,1.3607027498401147,1.3637186949989435,10.097758441372235
time_regression,1998-11-16,1998-11-23,1998-12-14,4,1.463119579718243,1.481944306567427,10.475168867231096
time_regression,1998-12-14,1998-12-21,1999-01-11,4,1.5859756349308958,1.5968496681577544,10.855051935564225
time_regression,1999-01-11,1999-01-18,1999-02-08,4,1.3153336842655454,1.3183286941164571,9.014757411102291
time_regression,1999-02-08,1999-02-15,1999-03-08,4,1.459539971564372,1.4699640775408886,10.569040248669904
time_regression,1999-03-08,1999-03-15,1999-04-05,4,1.509167285350229,1.5111296291951655,11.133452511592997
time_regression,1999-04-05,1999-04-12,1999-05-03,4,1.5452765910782396,1.5461808229799205,10.757609867946272
time_regression,1999-05-03,1999-05-10,1999-05-31,4,1.5270477117959813,1.5287208578147922,11.47715948661887
time_regression,1999-05-31,1999-06-07,1999-06-28,4,1.7256996039512007,1.7270575287440353,11.57355458962641
time_regression,1999-06-28,1999-07-05,1999-07-26,4,1.9777118724960494,1.9790269635310873,13.11067658454553
time_regression,1999-07-26,1999-08-02,1999-08-23,4,1.2316338224306054,1.2335284595298697,9.097856741823335
time_regression,1999-08-23,1999-08-30,1999-09-20,4,1.6921782037945925,1.7228427047374957,11.424932852627911
time_regression,1999-09-20,1999-09-27,1999-10-18,4,2.0872901967583006,2.089325920564237,13.70197787006467
time_regression,1999-10-18,1999-10-25,1999-11-15,4,1.3808677067988238,1.4635733872651493,9.664503137105251
time_regression,1999-11-15,1999-11-22,1999-12-13,4,1.8212211971536467,1.9963865701245271,12.11444130735847
time_regression,1999-12-13,1999-12-20,2000-01-10,4,1.623985412233353,1.951218135928268,10.595008414952744
time_regression,2000-01-10,2000-01-17,2000-02-07,4,1.055155771402128,1.4010635421836264,6.970409610860424
time_regression,2000-02-07,2000-02-14,2000-03-06,4,2.663321451097059,2.6704330180136675,16.914935477965532
time_regression,2000-03-06,2000-03-13,2000-04-03,4,2.382005409918402,2.3832878116485103,15.207319384857094
time_regression,2000-04-03,2000-04-10,2000-05-01,4,2.0990546950925286,2.1597002676958708,13.616788481310559
time_regression,2000-05-01,2000-05-08,2000-05-29,4,1.1556096806515046,1.15825974519596,8.254150177776449
time_regression,2000-05-29,2000-06-05,2000-06-26,4,2.277999712274003,2.279275215451612,14.500655393221914
time_regression,2000-06-26,2000-07-03,2000-07-24,4,1.0882742384805146,1.0912527694037577,7.725378120302281
time_regression,2000-07-24,2000-07-31,2000-08-21,4,1.9414144660084216,2.0178439094168623,12.488151943293232
time_regression,2000-08-21,2000-08-28,2000-09-18,4,2.342223999782315,2.342933769513942,14.762912878062274
time_regression,2000-09-18,2000-09-25,2000-10-16,4,1.4158410176658096,1.5310091842831735,9.498445535361551
time_regression,2000-10-16,2000-10-23,2000-11-13,4,1.5609004885959519,1.6637534344139053,10.171593104985512
time_regression,2000-11-13,2000-11-20,2000-12-11,4,2.2363728201729276,2.2367058800791617,14.026995646167288
time_regression,2000-12-11,2000-12-18,2001-01-08,4,1.6115982265850355,1.7289840179953602,10.385308662432456
time_regression,2001-01-08,2001-01-15,2001-02-05,4,1.342920477272426,1.5022503980625115,8.773830530043133
time_regression,2001-02-05,2001-02-12,2001-03-05,4,2.6051124031141173,2.605491112447922,15.973236975353023
time_regression,2001-03-05,2001-03-12,2001-04-02,4,2.190363360884129,2.3119194633267326,13.557942128059787
time_regression,2001-04-02,2001-04-09,2001-04-30,4,0.8463381799191665,0.8492992595235733,5.762872036145862
time_regression,2001-04-30,2001-05-07,2001-05-28,4,2.9354490269047924,2.9363473764076513,17.70337281168687
time_regression,2001-05-28,2001-06-04,2001-06-25,4,2.6473014065769935,2.648439243596329,16.019861114467354
time_regression,2001-06-25,2001-07-02,2001-07-23,4,0.9843825467746488,0.9878136193815106,6.662256622472518
time_regression,2001-07-23,2001-07-30,2001-08-20,4,2.1467519844396525,2.266254091001204,13.109139452987637
time_regression,2001-08-20,2001-08-27,2001-09-17,4,2.588781502177418,2.589556937384657,15.5617187865687
time_regression,2001-09-17,2001-09-24,2001-10-15,4,1.6466048955292076,1.745747393239779,10.635230991961691
time_regression,2001-10-15,2001-10-22,2001-11-12,4,1.7496876327576296,1.8288511827685554,10.976359027101285
time_regression,2001-11-12,2001-11-19,2001-12-10,4,1.795326667176068,1.8926482013112473,11.209374472520558
time_regression,2001-12-10,2001-12-17,2002-01-07,4,1.4620250334386298,1.5730738416559098,9.320320346869263
time_regression,2002-01-07,2002-01-14,2002-02-04,4,2.630292081278253,2.631233180002152,15.605878814551005
time_regression,2002-02-04,2002-02-11,2002-03-04,4,2.7183318183717526,2.720393158513892,15.982889134304388
time_regression,2002-03-04,2002-03-11,2002-04-01,4,2.2874505814916963,2.3916914297403946,13.626949378071565
time_regression,2002-04-01,2002-04-08,2002-04-29,4,0.9717694862840194,0.9776032100968279,6.363267667446657
time_regression,2002-04-29,2002-05-06,2002-05-27,4,2.763613716288717,2.7657448121494093,16.122929104640605
time_regression,2002-05-27,2002-06-03,2002-06-24,4,2.056539210439339,2.0596331440222015,12.191632728807624
time_regression,2002-06-24,2002-07-01,2002-07-22,4,0.6168959214667011,0.6277266011567385,3.9546744528526725
time_regression,2002-07-22,2002-07-29,2002-08-19,4,1.87279798204036,2.037575186605546,11.006067295176134
time_regression,2002-08-19,2002-08-26,2002-09-16,4,1.4037828436977469,1.5338723689731077,8.68863745115253
time_regression,2002-09-16,2002-09-23,2002-10-14,4,1.9077180946998666,2.146572854785955,11.2277054994509
time_regression,2002-10-14,2002-10-21,2002-11-11,4,3.246659793505747,3.2523828800996935,18.3709813920676
time_regression,2002-11-11,2002-11-18,2002-12-09,4,2.345489005889444,2.6345126570320327,13.621529567414772
time_regression,2002-12-09,2002-12-16,2003-01-06,4,1.4246282311711012,1.5469848070792218,8.694680861184583
time_regression,2003-01-06,2003-01-13,2003-02-03,4,2.5379497499559305,2.5423977384721406,14.52942257326766
time_regression,2003-02-03,2003-02-10,2003-03-03,4,2.1319618916576757,2.172648514883048,12.44346600921373
time_regression,2003-03-03,2003-03-10,2003-03-31,4,1.3100672237650057,1.3147853523047401,8.344610677653549
time_regression,2003-03-31,2003-04-07,2003-04-28,4,2.610149962142642,2.6125996466946457,14.77390807993531
time_regression,2003-04-28,2003-05-05,2003-05-26,4,2.5093479857237924,2.5116718401738605,14.18284606388595
time_regression,2003-05-26,2003-06-02,2003-06-23,4,1.2153915988014674,1.2204962659923353,7.637912749841304
time_regression,2003-06-23,2003-06-30,2003-07-21,4,2.4102852581863434,2.528891556501791,13.597459748177645
time_regression,2003-07-21,2003-07-28,2003-08-18,4,2.4833562620835847,2.5004005109210716,13.925618200483509
time_regression,2003-08-18,2003-08-25,2003-09-15,4,1.5389882266330317,1.6216740520440391,9.216830649044567
time_regression,2003-09-15,2003-09-22,2003-10-13,4,2.0796202281024927,2.2826836049464423,11.8095281662279
time_regression,2003-10-13,2003-10-20,2003-11-10,4,3.000173087544277,3.004996513794877,16.46261047357714
time_regression,2003-11-10,2003-11-17,2003-12-08,4,2.1432834403993857,2.284145714492281,12.243348831839779
time_regression,2003-12-08,2003-12-15,2004-01-05,4,1.5919394972622936,1.6788004180525973,9.410593874729802
time_regression,2004-01-05,2004-01-12,2004-02-02,4,2.646432917153154,2.6468817122718185,14.555231871203686
time_regression,2004-02-02,2004-02-09,2004-03-01,4,2.392290315124601,2.444672763428853,13.347135350383834
time_regression,2004-03-01,2004-03-08,2004-03-29,4,1.4361021128022413,1.4399020997442264,8.80953089599749
time_regression,2004-03-29,2004-04-05,2004-04-26,4,2.6422535538178513,2.644395112429785,14.39796355765979
time_regression,2004-04-26,2004-05-03,2004-05-24,4,1.268197655482389,1.2722548443203612,7.696306016266244
time_regression,2004-05-24,2004-05-31,2004-06-21,4,2.1570217148723776,2.234489905215601,11.910720732087267
time_regression,2004-06-21,2004-06-28,2004-07-19,4,2.504477392009772,2.506237023009183,13.600701072842437
time_regression,2004-07-19,2004-07-26,2004-08-16,4,1.6213024468286554,1.7126299334907216,9.384854292912628
time_regression,2004-08-16,2004-08-23,2004-09-13,4,1.9205513424770535,2.0501428250754112,10.702515684592754
time_regression,2004-09-13,2004-09-20,2004-10-11,4,2.496208530094491,2.511921241262674,13.46080359665074
time_regression,2004-10-11,2004-10-18,2004-11-08,4,1.9022428458346052,1.954759075617816,10.729871763939673
time_regression,2004-11-08,2004-11-15,2004-12-06,4,1.6439884676373824,1.726591903583871,9.434946035631244
time_regression,2004-12-06,2004-12-13,2005-01-03,4,2.427020993437802,2.481514712614086,13.205542306316133
time_regression,2005-01-03,2005-01-10,2005-01-31,4,1.4851878532179823,1.488845631392324,8.858282747586097
time_regression,2005-01-31,2005-02-07,2005-02-28,4,2.6191006856876626,2.620781842891927,13.939800835330608
time_regression,2005-02-28,2005-03-07,2005-03-28,4,2.8107413759451276,2.8125923064654144,14.838169694118452
time_regression,2005-03-28,2005-04-04,2005-04-25,4,1.931578804370437,1.9341131765399906,10.409151012862386
time_regression,2005-04-25,2005-05-02,2005-05-23,4,2.355348936665246,2.3572941400504384,14.292616841803152
time_regression,2005-05-23,2005-05-30,2005-06-20,4,1.9018656033958337,1.913015659144827,10.633098175108795
time_regression,2005-06-20,2005-06-27,2005-07-18,4,1.5819767931688808,1.5939114651775637,8.560757478498283
time_regression,2005-07-18,2005-07-25,2005-08-15,4,2.0963825650746006,2.1192826634388062,12.372858933932326
time_regression,2005-08-15,2005-08-22,2005-09-12,4,1.9811683049944397,1.990136676718819,11.327086881340627
time_regression,2005-09-12,2005-09-19,2005-10-10,4,2.074481432154215,2.0796551485280332,11.795394448762735
time_regression,2005-10-10,2005-10-17,2005-11-07,4,2.1091232757685017,2.1097547700846584,12.254600115000953
time_regression,2005-11-07,2005-11-14,2005-12-05,4,2.178971245757843,2.1825534541175857,11.519921672117595
time_regression,2005-12-05,2005-12-12,2006-01-02,4,2.06642541908937,2.0669100572853956,11.229544904791355
time_regression,2006-01-02,2006-01-09,2006-01-30,4,2.021109819058732,2.0227726632339453,11.894395815297008
time_regression,2006-01-30,2006-02-06,2006-02-27,4,1.9591756182655775,1.9604111326619247,10.341870179996503
time_regression,2006-02-27,2006-03-06,2006-03-27,4,2.5349940029969513,2.536096479245081,13.147403025628893
time_regression,2006-03-27,2006-04-03,2006-04-24,4,2.4848089548295436,2.4858631210716498,12.87034038847731
time_regression,2006-04-24,2006-05-01,2006-05-22,4,1.8531044917399582,1.8543709612058759,10.769011030919902
time_regression,2006-05-22,2006-05-29,2006-06-19,4,1.6745886166985482,1.6765629110605142,9.07037962498657
time_regression,2006-06-19,2006-06-26,2006-07-17,4,1.9096954051732915,1.914313739822613,10.869334620492216
time_regression,2006-07-17,2006-07-24,2006-08-14,4,1.9920562842078224,1.9938156705013614,10.937318144670275
time_regression,2006-08-14,2006-08-21,2006-09-11,4,1.9421346394281018,1.9538938148643985,10.110885310142958
time_regression,2006-09-11,2006-09-18,2006-10-09,4,1.9270894665416378,1.9318195614062612,10.633319306392988
time_regression,2006-10-09,2006-10-16,2006-11-06,4,1.9197248952961932,1.923777381849212,10.843500978050905
time_regression,2006-11-06,2006-11-13,2006-12-04,4,1.9445176712413614,1.9535540673215395,10.057249356081616
time_regression,2006-12-04,2006-12-11,2007-01-01,4,2.259169304898289,2.261801647406912,11.8605285589683
time_regression,2007-01-01,2007-01-08,2007-01-29,4,2.059200660666341,2.060214472812438,11.773215701365604
time_regression,2007-01-29,2007-02-05,2007-02-26,4,2.0367122492490255,2.0374017960763147,10.4415089645811
time_regression,2007-02-26,2007-03-05,2007-03-26,4,2.1117189566755368,2.1125227971349267,10.777763946531133
time_regression,2007-03-26,2007-04-02,2007-04-23,4,2.1442699018118105,2.1450153093520723,12.243991251166667
time_regression,2007-04-23,2007-04-30,2007-05-21,4,1.8448895730722343,1.8505062986961112,9.772314736818345
time_regression,2007-05-21,2007-05-28,2007-06-18,4,2.2494565900750496,2.264114278362102,11.376159901123684
time_regression,2007-06-18,2007-06-25,2007-07-16,4,1.8612039001638907,1.8911375921260045,10.075838827986543
time_regression,2007-07-16,2007-07-23,2007-08-13,4,2.009471834651289,2.048516751934912,10.542467727622242
time_regression,2007-08-13,2007-08-20,2007-09-10,4,2.472164353509384,2.4723829046715755,12.368018226207102
time_regression,2007-09-10,2007-09-17,2007-10-08,4,2.1601515625115626,2.189961091685666,11.301509605861614
time_regression,2007-10-08,2007-10-15,2007-11-05,4,1.80112679780387,1.8046857630325581,9.755855332096884
time_regression,2007-11-05,2007-11-12,2007-12-03,4,2.2457298182416956,2.2595847899669583,11.712616481881652
time_regression,2007-12-03,2007-12-10,2007-12-31,4,2.6151008926211574,2.6160085768679444,14.834598279491493
time_regression,2007-12-31,2008-01-07,2008-01-28,4,1.5753043395514608,1.5768030631058823,8.012416423846632
time_regression,2008-01-28,2008-02-04,2008-02-25,4,1.9843357682019773,1.985729461668639,9.9558424424268
time_regression,2008-02-25,2008-03-03,2008-03-24,4,2.908567402677665,2.909636505474773,16.58696149095255
time_regression,2008-03-24,2008-03-31,2008-04-21,4,1.4892702561819284,1.6774522944948862,8.042539721679407
time_regression,2008-04-21,2008-04-28,2008-05-19,4,1.040694292717335,1.0439648184803025,5.322892404596528
time_regression,2008-05-19,2008-05-26,2008-06-16,4,2.72906127871794,2.88883929838537,15.450159636151627
time_regression,2008-06-16,2008-06-23,2008-07-14,4,1.8825183890810084,2.28855600027445,10.625676252196122
time_regression,2008-07-14,2008-07-21,2008-08-11,4,0.6187348873751644,0.6257353008755525,3.1856179239716194
time_regression,2008-08-11,2008-08-18,2008-09-08,4,2.0849362925263897,2.539118223377381,11.754366754026172
time_regression,2008-09-08,2008-09-15,2008-10-06,4,2.656921983037492,2.9834634452243534,15.20587061601849
time_regression,2008-10-06,2008-10-13,2008-11-03,4,0.5265107028846607,0.5470580895031214,2.7015345938000412
time_regression,2008-11-03,2008-11-10,2008-12-01,4,1.454214162961831,1.7621037528153345,7.836386605470349
time_regression,2008-12-01,2008-12-08,2008-12-29,4,3.095082199558319,3.0959144041348567,17.478143970110967
time_regression,2008-12-29,2009-01-05,2009-01-26,4,0.518112902794936,0.5230346161165739,2.6657468883842697
time_regression,2009-01-26,2009-02-02,2009-02-23,4,0.08191671856205218,0.09130430785703288,0.42593119777134303
time_regression,2009-02-23,2009-03-02,2009-03-23,4,3.426266299248378,3.426992975496564,19.54093561874941
time_regression,2009-03-23,2009-03-30,2009-04-20,4,1.3754084336276367,1.785797022333708,7.526137005263899
time_regression,2009-04-20,2009-04-27,2009-05-18,4,0.7357325243752344,0.7388897918757269,3.7447489487490624
time_regression,2009-05-18,2009-05-25,2009-06-15,4,2.7884078121463705,3.018326347645993,15.703945416456797
time_regression,2009-06-15,2009-06-22,2009-07-13,4,1.9845779090117457,2.4213205489083625,11.102773740076211
time_regression,2009-07-13,2009-07-20,2009-08-10,4,2.055915625686601,2.4589270421821303,11.405226636824501
time_regression,2009-08-10,2009-08-17,2009-09-07,4,2.6478153975462977,2.889680667348786,14.880169990455142
time_regression,2009-09-07,2009-09-14,2009-10-05,4,0.845161606822316,0.852063686782068,4.266758535530769
time_regression,2009-10-05,2009-10-12,2009-11-02,4,1.6032850193997588,1.8044049001293205,8.452054310024163
time_regression,2009-11-02,2009-11-09,2009-11-30,4,2.955929096155206,2.9568396277360645,16.459502559742013
time_regression,2009-11-30,2009-12-07,2009-12-28,4,0.9037164990459612,0.9077769868982963,4.554108350345077
time_regression,2009-12-28,2010-01-04,2010-01-25,4,0.6926447488708369,0.6979209383994737,3.4985072790550564
time_regression,2010-01-25,2010-02-01,2010-02-22,4,1.4527040561456666,1.4553076908252065,7.184153162811439
time_regression,2010-02-22,2010-03-01,2010-03-22,4,2.8575162327722063,2.8589231547844176,15.778618413703194
time_regression,2010-03-22,2010-03-29,2010-04-19,4,1.5434958068096938,1.6961853099979565,8.055587390870862
time_regression,2010-04-19,2010-04-26,2010-05-17,4,2.4296561106542107,2.5235826202391585,13.179600038646527
time_regression,2010-05-17,2010-05-24,2010-06-14,4,2.119482356238594,2.201406194476225,11.204588594594998
time_regression,2010-06-14,2010-06-21,2010-07-12,4,1.3823452444256423,1.4108103155680551,6.802795147322547
time_regression,2010-07-12,2010-07-19,2010-08-09,4,2.0478968718939905,2.2103620205508707,10.87934221082404
time_regression,2010-08-09,2010-08-16,2010-09-06,4,2.369627818819512,2.4738406694420916,12.82088892555337
time_regression,2010-09-06,2010-09-13,2010-10-04,4,1.2350158351043126,1.241206594013845,6.082236860876087
time_regression,2010-10-04,2010-10-11,2010-11-01,4,1.6917920913164979,1.9232139768770333,8.802082405259853
time_regression,2010-11-01,2010-11-08,2010-11-29,4,3.1732999172992207,3.174514692926877,17.466656638392376
time_regression,2010-11-29,2010-12-06,2010-12-27,4,1.363186823818797,1.366884564072207,6.685702123225856
time_regression,2010-12-27,2011-01-03,2011-01-24,4,2.425553324132271,2.427628900273636,13.058360020765189
time_regression,2011-01-24,2011-01-31,2011-02-21,4,1.593748571665266,1.6446467196850614,8.083469831741914
time_regression,2011-02-21,2011-02-28,2011-03-21,4,1.3526426426448452,1.3559605831568533,6.613713097498797
time_regression,2011-03-21,2011-03-28,2011-04-18,4,1.1403790943968435,1.1527134027857242,5.593686824323765
time_regression,2011-04-18,2011-04-25,2011-05-16,4,2.754170344794857,2.9081770911398364,14.933924747685793
time_regression,2011-05-16,2011-05-23,2011-06-13,4,2.0898548170396634,2.362724014160224,11.18843624699913
time_regression,2011-06-13,2011-06-20,2011-07-11,4,1.1163620928044997,1.1169888003426731,5.461333133000302
time_regression,2011-07-11,2011-07-18,2011-08-08,4,2.2173509140431555,2.4309706148197345,11.722238636349587
time_regression,2011-08-08,2011-08-15,2011-09-05,4,2.5954445060895894,2.751120143899743,14.000972079673137
time_regression,2011-09-05,2011-09-12,2011-10-03,4,1.7103902313545296,1.952711052920557,8.812658473956095
time_regression,2011-10-03,2011-10-10,2011-10-31,4,3.256809506756296,3.2577295980519887,17.749013268221738
time_regression,2011-10-31,2011-11-07,2011-11-28,4,0.6242422188082735,0.6302234782585813,3.0778468928623965
time_regression,2011-11-28,2011-12-05,2011-12-26,4,0.9282212899589792,0.9320113723293921,4.531885970881441
time_regression,2011-12-26,2012-01-02,2012-01-23,4,3.180212294501797,3.181317705034629,17.198595792973812
time_regression,2012-01-23,2012-01-30,2012-02-20,4,1.6182969050627198,1.8190317037931252,8.28714975115043
time_regression,2012-02-20,2012-02-27,2012-03-19,4,1.9693299941407343,2.016880733935387,9.335762214378082
time_regression,2012-03-19,2012-03-26,2012-04-16,4,2.3545280400432578,2.3554785003421093,12.12055743085847
time_regression,2012-04-16,2012-04-23,2012-05-14,4,2.271255251394229,2.271820298731649,11.357460752871525
time_regression,2012-05-14,2012-05-21,2012-06-11,4,2.2997738365944427,2.3001077429114964,10.80375757798695
time_regression,2012-06-11,2012-06-18,2012-07-09,4,2.369000879923724,2.369299016022369,11.78275436877858
time_regression,2012-07-09,2012-07-16,2012-08-06,4,2.1575037907084544,2.1752644272316055,11.120655119539556
time_regression,2012-08-06,2012-08-13,2012-09-03,4,1.8465508370222103,1.8481002345300743,8.728924734990986
time_regression,2012-09-03,2012-09-10,2012-10-01,4,2.2322596911468633,2.252551380783107,10.878288790526094
time_regression,2012-10-01,2012-10-08,2012-10-29,4,2.673024470428887,2.674131994625455,14.085199162467987
time_regression,2012-10-29,2012-11-05,2012-11-26,4,1.556794081848662,1.5590750147279846,7.380186377235884
time_regression,2012-11-26,2012-12-03,2012-12-24,4,2.903374046733517,2.90442985601457,15.335266342934858
time_regression,2012-12-24,2012-12-31,2013-01-21,4,2.1266967219520305,2.158818149684874,10.398551701712027
time_regression,2013-01-21,2013-01-28,2013-02-18,4,2.3433491675881504,2.3523082996570963,10.876319449484198
time_regression,2013-02-18,2013-02-25,2013-03-18,4,1.974250414981194,2.0020856224872623,9.22108256867915
time_regression,2013-03-18,2013-03-25,2013-04-15,4,2.446607431115999,2.4696424482041817,12.52509530615646
time_regression,2013-04-15,2013-04-22,2013-05-13,4,2.2298410877486567,2.251911245864883,11.112306250488583
time_regression,2013-05-13,2013-05-20,2013-06-10,4,2.4807947576048806,2.5192729989227263,11.395647981310244
time_regression,2013-06-10,2013-06-17,2013-07-08,4,2.724953720589898,2.741612099360472,13.138754982913976
time_regression,2013-07-08,2013-07-15,2013-08-05,4,2.302063663450573,2.3031110850161673,11.578112528874456
time_regression,2013-08-05,2013-08-12,2013-09-02,4,2.3502398038420713,2.350924324695891,11.113112418957037
time_regression,2013-09-02,2013-09-09,2013-09-30,4,2.1992366199947977,2.201131090221772,11.265769997735305
time_regression,2013-09-30,2013-10-07,2013-10-28,4,2.838831952180702,2.8402316402933985,12.87213067220546
time_regression,2013-10-28,2013-11-04,2013-11-25,4,2.761056928253609,2.7622954753652746,12.511497907814093
time_regression,2013-11-25,2013-12-02,2013-12-23,4,1.696803495857032,1.6983682198146117,8.51385885167788
time_regression,2013-12-23,2013-12-30,2014-01-20,4,2.6046167808976843,2.668713223513358,11.918500054676759
time_regression,2014-01-20,2014-01-27,2014-02-17,4,2.985506811540014,2.9861389510940852,13.38408978925041
time_regression,2014-02-17,2014-02-24,2014-03-17,4,2.049269218348768,2.1307985790556496,9.840483595014152
time_regression,2014-03-17,2014-03-24,2014-04-14,4,2.4717580163802664,2.610913695220386,11.40107615867051
time_regression,2014-04-14,2014-04-21,2014-05-12,4,3.3463230041765577,3.3474370850591586,14.806317795731445
time_regression,2014-05-12,2014-05-19,2014-06-09,4,2.5157644058765873,2.6535284189458124,11.565242478502011
time_regression,2014-06-09,2014-06-16,2014-07-07,4,1.9417960064861273,2.037595879601677,9.208832657788005
time_regression,2014-07-07,2014-07-14,2014-08-04,4,3.2530530559005815,3.257308748230043,14.335513724768743
time_regression,2014-08-04,2014-08-11,2014-09-01,4,3.1416438981275476,3.2597662468134536,13.932625559353182
time_regression,2014-09-01,2014-09-08,2014-09-29,4,1.5612376134569628,1.5638315939017777,7.6519575940635995
time_regression,2014-09-29,2014-10-06,2014-10-27,4,3.7972163776777057,3.7982479610880873,16.437969616324054
time_regression,2014-10-27,2014-11-03,2014-11-24,4,3.9866311082590196,3.9874338544666075,17.142514082639593
time_regression,2014-11-24,2014-12-01,2014-12-22,4,1.6142165178623866,1.6155794041880236,7.848034692992388
time_regression,2014-12-22,2014-12-29,2015-01-19,4,3.1312686268017442,3.264890809560277,13.703102934993217
time_regression,2015-01-19,2015-01-26,2015-02-16,4,4.222652181979611,4.2336778405391176,17.93005916641039
time_regression,2015-02-16,2015-02-23,2015-03-16,4,2.100728699613204,2.502790333093325,9.44623104632
time_regression,2015-03-16,2015-03-23,2015-04-13,4,2.50120328117782,2.801194577613908,10.993809961636682
time_regression,2015-04-13,2015-04-20,2015-05-11,4,3.7772412086328035,3.778433072584489,16.109069976093032
time_regression,2015-05-11,2015-05-18,2015-06-08,4,2.588610224306704,2.8460130420278786,11.391622811250476
time_regression,2015-06-08,2015-06-15,2015-07-06,4,2.0253616609894483,2.360065094067014,9.06374454605194
time_regression,2015-07-06,2015-07-13,2015-08-03,4,3.54280683337272,3.75772604346433,15.0714394401061
time_regression,2015-08-03,2015-08-10,2015-08-31,4,1.3040314386422285,1.3067782444747522,6.175947387384719
time_regression,2015-08-31,2015-09-07,2015-09-28,4,4.166397909566714,4.1672265240223565,17.457534727477423
time_regression,2015-09-28,2015-10-05,2015-10-26,4,4.289553556870566,4.290421800048115,17.888585102065708
time_regression,2015-10-26,2015-11-02,2015-11-23,4,0.5191252480825055,0.5248507843900364,2.3983337002187435
time_regression,2015-11-23,2015-11-30,2015-12-21,4,4.0335697380177225,4.532050522468011,16.485833238201643
time_regression,2015-12-21,2015-12-28,2016-01-18,4,5.347894436727045,5.348827374646046,21.628066257875716
time_regression,2016-01-18,2016-01-25,2016-02-15,4,1.4842721921768387,2.710732298686081,6.055194298394842
time_regression,2016-02-15,2016-02-22,2016-03-14,4,2.265806211800104,3.1419169284185196,9.257593440820798
time_regression,2016-03-14,2016-03-21,2016-04-11,4,4.824986013240694,4.831712979323748,19.547034732094936
time_regression,2016-04-11,2016-04-18,2016-05-09,4,2.6112991783374477,3.653918667498546,10.523943142001652
time_regression,2016-05-09,2016-05-16,2016-06-06,4,1.0702434024013572,2.0444400119779162,4.373433274828672
time_regression,2016-06-06,2016-06-13,2016-07-04,4,4.4311346958658335,4.444586436223069,17.961971269114205
time_regression,2016-07-04,2016-07-11,2016-08-01,4,3.9570960714686496,4.459836729238925,15.856559509380759
time_regression,2016-08-01,2016-08-08,2016-08-29,4,0.33106284716425716,0.34232933415665984,1.4768447725419551
time_regression,2016-08-29,2016-09-05,2016-09-26,4,5.523383420679136,5.524063857560138,21.77770963917753
time_regression,2016-09-26,2016-10-03,2016-10-24,4,0.5210878542539463,0.5289527454823442,2.325415909567576
time_regression,2016-10-24,2016-10-31,2016-11-21,4,3.9174730179691863,4.401786543859276,15.56454253066903
time_regression,2016-11-21,2016-11-28,2016-12-19,4,4.776489000101088,4.780379009793057,18.963550307663443
time_regression,2016-12-19,2016-12-26,2017-01-16,4,2.137677691007255,2.5816762587088355,8.984441460276344
time_regression,2017-01-16,2017-01-23,2017-02-13,4,2.7274047894879,3.107593970629659,11.153781708133554
time_regression,2017-02-13,2017-02-20,2017-03-13,4,4.351143169122678,4.35140149287713,17.266743870180107
time_regression,2017-03-13,2017-03-20,2017-04-10,4,4.334833023264461,4.336927332512977,17.171158743313047
time_regression,2017-04-10,2017-04-17,2017-05-08,4,2.9084315531613223,3.2087474227838637,11.914782777633599
time_regression,2017-05-08,2017-05-15,2017-06-05,4,2.2381824329961733,2.5754124026192313,9.381449496867141
time_regression,2017-06-05,2017-06-12,2017-07-03,4,3.695095793153534,3.98376742310349,14.635836374712591
time_regression,2017-07-03,2017-07-10,2017-07-31,4,1.0636908208114795,1.0659380736782744,4.674733652463209
time_regression,2017-07-31,2017-08-07,2017-08-28,4,4.69131340035149,4.6918327954072545,18.287028254952933
time_regression,2017-08-28,2017-09-04,2017-09-25,4,4.340152676969244,4.340799821148143,16.98409244485842
time_regression,2017-09-25,2017-10-02,2017-10-23,4,1.559188198802187,1.5611432876556408,6.880345259249469
time_regression,2017-10-23,2017-10-30,2017-11-20,4,3.245761167042824,3.4015641431085997,12.954503066464031
time_regression,2017-11-20,2017-11-27,2017-12-18,4,4.377306381040941,4.38772326678116,17.000578284608693
time_regression,2017-12-18,2017-12-25,2018-01-15,4,2.089514075205523,2.5192279689176305,8.525955585706452
time_regression,2018-01-15,2018-01-22,2018-02-12,4,2.5650733951501605,2.8957251688596997,10.240524564120422
time_regression,2018-02-12,2018-02-19,2018-03-12,4,3.9248476798716974,3.9257536952560663,15.257307763139417
time_regression,2018-03-12,2018-03-19,2018-04-09,4,3.0500655755603834,3.1726735337579486,12.40502764844002
time_regression,2018-04-09,2018-04-16,2018-05-07,4,2.644162953595976,2.7963154845804548,11.029904504284644
time_regression,2018-05-07,2018-05-14,2018-06-04,4,4.330371948476901,4.330519864708531,16.625170224648773
time_regression,2018-06-04,2018-06-11,2018-07-02,4,3.710929719995063,3.9075090848495124,14.396751804550762
time_regression,2018-07-02,2018-07-09,2018-07-30,4,1.5355342962437755,1.537188101806957,6.610315063999067
time_regression,2018-07-30,2018-08-06,2018-08-27,4,4.157713415836012,4.158340063834323,15.932703573199245
time_regression,2018-08-27,2018-09-03,2018-09-24,4,3.711539785571662,3.712330228275305,14.306305810329354
time_regression,2018-09-24,2018-10-01,2018-10-22,4,2.2002359450314835,2.201660903370922,9.549024060476318
time_regression,2018-10-22,2018-10-29,2018-11-19,4,2.7485853962810305,2.7731096838738716,10.947055939857492
time_regression,2018-11-19,2018-11-26,2018-12-17,4,1.999263566518585,2.0838582380352766,8.254962540433866
time_regression,2018-12-17,2018-12-24,2019-01-14,4,2.568928174051994,2.7508909997039748,10.1945248181224
time_regression,2019-01-14,2019-01-21,2019-02-11,4,3.3935596966910913,3.4035982865922234,13.054758844917927
time_regression,2019-02-11,2019-02-18,2019-03-11,4,2.9508586624430526,2.9640488778948746,11.424185627401036
time_regression,2019-03-11,2019-03-18,2019-04-08,4,2.8049863235852337,2.8053875533487695,11.543786330621787
time_regression,2019-04-08,2019-04-15,2019-05-06,4,2.7277210606822857,2.7282518732852434,11.53027673824412
time_regression,2019-05-06,2019-05-13,2019-06-03,4,2.825339652594062,2.825696999534701,10.924611950603314
time_regression,2019-06-03,2019-06-10,2019-07-01,4,2.856931705493456,2.8635037720457976,11.281811238399047
time_regression,2019-07-01,2019-07-08,2019-07-29,4,2.4449244508133257,2.446413011178263,10.482498047291427
time_regression,2019-07-29,2019-08-05,2019-08-26,4,2.8660856656512763,2.8673988185696304,11.027404978004554
time_regression,2019-08-26,2019-09-02,2019-09-23,4,3.2383225288965525,3.2395633199268667,14.079470885485357
time_regression,2019-09-23,2019-09-30,2019-10-21,4,2.6663518947352696,2.6822108410912353,10.6789569551395
time_regression,2019-10-21,2019-10-28,2019-11-18,4,2.8087759941909747,2.812421966616715,10.764239467866643
time_regression,2019-11-18,2019-11-25,2019-12-16,4,2.962230364253621,2.9629033757021346,12.369386830838685
time_regression,2019-12-16,2019-12-23,2020-01-13,4,2.713135299398715,2.718870309494218,11.068566998642186
time_regression,2020-01-13,2020-01-20,2020-02-10,4,2.259497551248563,2.2929421818630833,8.709869877958877
time_regression,2020-02-10,2020-02-17,2020-03-09,4,2.649216759325247,2.73910753367683,10.992219103340963
time_regression,2020-03-09,2020-03-16,2020-04-06,4,3.5964155818781354,3.641570450761063,15.615153987808682
time_regression,2020-04-06,2020-04-13,2020-05-04,4,3.6967602455176483,3.9094521925541743,16.23486728501572
time_regression,2020-05-04,2020-05-11,2020-06-01,4,2.169468327803643,2.607914004283984,9.299030419059015
time_regression,2020-06-01,2020-06-08,2020-06-29,4,4.577201904523775,4.577870616821688,20.244863121504093
time_regression,2020-06-29,2020-07-06,2020-07-27,4,0.7949994910855676,0.7991461280587389,3.142503970103882
time_regression,2020-07-27,2020-08-03,2020-08-24,4,3.9880105322355206,3.9888293810921196,17.373354524488548
time_regression,2020-08-24,2020-08-31,2020-09-21,4,2.2667963795069515,2.4574722153270856,9.255489185683889
time_regression,2020-09-21,2020-09-28,2020-10-19,4,2.1635552574847345,2.1747016028409676,8.29531647266522
time_regression,2020-10-19,2020-10-26,2020-11-16,4,3.1361291302531598,3.1699731386024372,13.159123208278352
time_regression,2020-11-16,2020-11-23,2020-12-14,4,2.339722775126794,2.53113269586288,9.753477083134536
time_regression,2020-12-14,2020-12-21,2021-01-11,4,1.9073125325797644,1.951098506832686,7.746049955347244
time_regression,2021-01-11,2021-01-18,2021-02-08,4,1.3454441979274128,1.5979022273784895,5.56974016472926
time_regression,2021-02-08,2021-02-15,2021-03-08,4,2.1658351104144513,2.6773898461626553,9.197078772994377
time_regression,2021-03-08,2021-03-15,2021-04-05,4,3.2818898601342275,3.3477337310791815,13.847671162115182
time_regression,2021-04-05,2021-04-12,2021-05-03,4,2.730603784418994,2.842831972740645,10.916840875829875
time_regression,2021-05-03,2021-05-10,2021-05-31,4,4.022818223677103,4.02356477042611,17.36061856742031
time_regression,2021-05-31,2021-06-07,2021-06-28,4,0.7805848038375034,0.7841409093759809,3.0514131246782177
time_regression,2021-06-28,2021-07-05,2021-07-26,4,0.1915769887799863,0.20542747469973555,0.7567778550235784
time_regression,2021-07-26,2021-08-02,2021-08-23,4,4.910653443217766,4.911211254565234,21.523015842869277
time_regression,2021-08-23,2021-08-30,2021-09-20,4,1.7958229195210782,2.511409675609746,7.592793093588786
time_regression,2021-09-20,2021-09-27,2021-10-18,4,0.7769031561274797,0.7798793759016407,3.024908714206554
time_regression,2021-10-18,2021-10-25,2021-11-15,4,4.026640478943897,4.4350228622146455,17.554197733113977
time_regression,2021-11-15,2021-11-22,2021-12-13,4,2.5398858998615506,3.522614621873715,11.141921267327122
time_regression,2021-12-13,2021-12-20,2022-01-10,4,2.606422977874888,3.6470759491545084,11.43036619389655
time_regression,2022-01-10,2022-01-17,2022-02-07,4,3.8116677412887006,4.37083987477665,16.76160947189068
time_regression,2022-02-07,2022-02-14,2022-03-07,4,0.3699547265410077,0.4289888141130668,1.4471733183693987
time_regression,2022-03-07,2022-03-14,2022-04-04,4,0.6498591269703864,0.7261882553577134,2.5291783474646743
time_regression,2022-04-04,2022-04-11,2022-05-02,4,1.3873151929771925,2.7363232503063073,6.098429821448485
time_regression,2022-05-02,2022-05-09,2022-05-30,4,5.402323426373176,5.402638993680046,23.818256476939553
time_regression,2022-05-30,2022-06-06,2022-06-27,4,0.23613217157797273,0.24237185426761249,0.9342757346591123
time_regression,2022-06-27,2022-07-04,2022-07-25,4,0.05934319176242475,0.06332107536967668,0.2333670431327615
time_regression,2022-07-25,2022-08-01,2022-08-22,4,5.832997855392512,5.833255606604471,25.882191557877242
time_regression,2022-08-22,2022-08-29,2022-09-19,4,2.1634525138333265,3.0067231841405566,9.295465536171404
time_regression,2022-09-19,2022-09-26,2022-10-17,4,4.686748526832371,5.165644166843884,20.71937400577614
time_regression,2022-10-17,2022-10-24,2022-11-14,4,3.4589972745340756,4.220626942559679,15.154780048679383
time_regression,2022-11-14,2022-11-21,2022-12-12,4,0.7651462649956056,0.7812211928630189,3.055354119399339
time_regression,2022-12-12,2022-12-19,2023-01-09,4,3.0506218645556835,3.968794792487284,13.309921482072813
time_regression,2023-01-09,2023-01-16,2023-02-06,4,4.209988772229626,4.756912916478703,18.515459702181307
time_regression,2023-02-06,2023-02-13,2023-03-06,4,0.32197407751870255,0.34025074080063916,1.2728568000351839
time_regression,2023-03-06,2023-03-13,2023-04-03,4,0.370579759449714,0.3895302188463991,1.4664053772023822
time_regression,2023-04-03,2023-04-10,2023-05-01,4,1.368877639372693,2.599120112745106,5.922901332620503
time_regression,2023-05-01,2023-05-08,2023-05-29,4,5.142276565207964,5.142491031123136,22.385629721998193
time_regression,2023-05-29,2023-06-05,2023-06-26,4,0.6024241228426481,0.6039951893365489,2.330713499321788
time_regression,2023-06-26,2023-07-03,2023-07-24,4,5.583420439029809,5.583588132392673,24.497435079893634
time_regression,2023-07-24,2023-07-31,2023-08-21,4,1.9343168659263927,2.8374776089093325,8.261004472169212
time_regression,2023-08-21,2023-08-28,2023-09-18,4,0.9649159847910669,0.9777833589502766,3.844337477982213
time_regression,2023-09-18,2023-09-25,2023-10-16,4,4.691115582672667,5.14579744444034,20.57942045802663
time_regression,2023-10-16,2023-10-23,2023-11-13,4,3.2711647468863907,4.166842339885447,14.283744085089317
time_regression,2023-11-13,2023-11-20,2023-12-11,4,1.1835741236455188,1.3296274251898474,4.755434632220394
time_regression,2023-12-11,2023-12-18,2024-01-08,4,3.910095119593138,4.497454722418469,16.977435041719513
time_regression,2024-01-08,2024-01-15,2024-02-05,4,4.631819334656248,5.223622395190357,20.480760919524236
time_regression,2024-02-05,2024-02-12,2024-03-04,4,0.6350013125987903,0.8101630553298533,2.5296769350815715
time_regression,2024-03-04,2024-03-11,2024-04-01,4,2.686212979558456,3.438654881812112,11.484156600564896
time_regression,2024-04-01,2024-04-08,2024-04-29,4,6.348809040281482,6.348954538124157,28.27406861566818
time_regression,2024-04-29,2024-05-06,2024-05-27,4,0.711496079645527,0.7126120471668744,2.8170421938836614
time_regression,2024-05-27,2024-06-03,2024-06-24,4,1.5896393848411874,1.5901269807912122,6.398151481937606
time_regression,2024-06-24,2024-07-01,2024-07-22,4,5.582700930312718,5.5828464021389825,24.409008049893878
time_regression,2024-07-22,2024-07-29,2024-08-19,4,1.8061374131899726,2.8094269004601995,7.7205313639412525
time_regression,2024-08-19,2024-08-26,2024-09-16,4,4.154323707786243,4.651003476865058,18.007567291036896
time_regression,2024-09-16,2024-09-23,2024-10-14,4,2.8758774350199507,3.7823103698011735,12.421046589032024
time_regression,2024-10-14,2024-10-21,2024-11-11,4,0.4534190119782151,0.4622989503026167,1.7797845217883639
time_regression,2024-11-11,2024-11-18,2024-12-09,4,3.0677473404796913,4.007401692939503,13.266235538060837
time_regression,2024-12-09,2024-12-16,2025-01-06,4,4.246899621632176,4.814512925526186,18.510055181562322
time_regression,2025-01-06,2025-01-13,2025-02-03,4,0.14911286718476013,0.167888157928194,0.5835801099814842
time_regression,2025-02-03,2025-02-10,2025-03-03,4,1.3021311853099684,2.5606600264759893,5.608155513014173
time_regression,2025-03-03,2025-03-10,2025-03-31,4,5.091435302854708,5.091542752505816,21.978228225187003
time_regression,2025-03-31,2025-04-07,2025-04-28,4,0.31943847366171063,0.3216083493427074,1.2351132596368333
time_regression,2025-04-28,2025-05-05,2025-05-26,4,0.1894703001916076,0.1931332655526917,0.7387211925196882
time_regression,2025-05-26,2025-06-02,2025-06-23,4,5.0092204315902205,5.009358905234662,21.531389510348745
time_regression,2025-06-23,2025-06-30,2025-07-21,4,1.365342032896141,2.4943436384557978,5.822904629328092
time_regression,2025-07-21,2025-07-28,2025-08-18,4,0.23436799996545865,0.24374221136585844,0.9048128359411315
time_regression,2025-08-18,2025-08-25,2025-09-15,4,4.060817819415944,4.6100258239543335,17.486061746664554
time_regression,2025-09-15,2025-09-22,2025-10-13,4,2.7859917043133304,3.748209989769734,11.965716281026257
